x1,x2,x3,x4,x5,x6,x7,x8,x9,x10,x11,x12,x13,x14,x15,y
-2.3404236247129564,1.3885909854843819,0.3932660344632709,0.5984504757161829,-0.945325546288157,0.00045083114543830567,0.9588206639061634,0.4411452201074788,0.7453988491031802,0.5013594568759376,2.0633566296698755,3.090716096951136,0.4460154001671139,-0.08777137251596072,0.6419023431862249,1
-0.8009668611404459,-0.6043789423431795,-0.3617263200893729,0.3862045022697262,-0.6118065544438498,2.002384869579782,-0.7744914560392016,0.282745599754924,0.1319209451481534,-0.002598692724367584,0.9021994487221178,1.2192629119565088,-0.49763159222997266,1.8328760363780408,-0.08135670304664452,1
0.5489334309050339,-0.9759070263953873,1.0226163391537517,-0.5478268153500472,2.042496252267656,0.2389235307889755,0.27257510245678535,0.9301600338530688,-0.7649428549469615,-0.7367854639657856,1.822699761430775,-1.087732583011107,-1.2315492023273074,0.5728607839853691,1.0537822520846125,0
0.21348691270928596,-0.5934326691926843,1.4952323143421387,-0.6141860916199293,-0.5889394441396401,0.19277005134233863,1.150985653472932,0.3103107063354898,0.13929463027749256,-0.10210852898067366,0.2709177306974742,-0.7802146197545212,0.13921728845319317,-0.5709505881796445,-0.787851155633587,0
1.175210549822853,-0.6162514552709041,-1.4580179045570634,0.16020784636247376,-1.1385211546350356,-0.5330281281752208,1.0900326248347203,-0.03233346763252061,-0.9292486647151033,0.2494750918573194,-0.5678157765767629,-1.1417231484290213,0.6912010476809222,-0.03435982645319082,0.27484632859274527,0
0.20303257697051338,-0.19407735759063044,1.6509704499532583,-0.6677909405222914,-1.1627371080244886,-0.38762057773741404,0.6848794519330988,1.2861301978045518,-0.6516397449654181,-0.9468369763739138,2.1928442785769806,-0.816521101785747,-0.6626952430733258,-0.11120880067580265,-0.3282347579780356,0
-0.4735892797555603,-0.2737286214012179,-1.056255881072251,0.5362288235678861,0.6454054961272714,-0.19918686063208857,-0.830429007182344,-1.0541779725918892,1.6492033372864663,-1.0317169140900748,0.45926204800519915,0.9950622021449825,-0.6115402421947712,0.13632602900754184,0.15249163869661847,1
1.008077737040767,0.35196309790205443,-1.1031173325991053,0.08349706373417642,-1.0135159331224683,1.2897060448388327,-1.0859361464425243,1.1987881752861882,-0.0012259564688968099,-0.6932018022447692,0.5045023386290672,-1.0273713701083724,0.9155328549753806,-0.9666227879255403,-1.0967399523360528,0
-2.219627516533348,-0.5292436555610651,-0.3920793403410032,0.84717678741832,1.4921765405203893,-0.5129651849839534,0.1096377776297428,1.9173329716504586,0.058730436324033714,0.10093546846796683,1.543683478106955,3.180175006705181,-0.885883933216926,-1.0079180851364065,-1.068297820410305,1
-0.7565648448049904,0.6975555213845046,-0.5108841429956548,0.42663901889497746,-1.4796987372941048,1.6266469065359173,0.09304862842049792,-2.4910705960074484,1.2716498298623211,-0.8842526364921223,0.9540817705502308,1.206740827792007,-0.3547948101114321,1.1302426863712718,1.893466579025127,1
0.6250964323257806,1.276907446998912,1.7301459291816565,-0.8305712668537455,1.3459128033046983,0.6842155781224709,0.7410414465126286,0.1702395767970046,-0.25025784222170594,-2.415949630085389,-0.26516122855905744,-1.4227377611986585,1.4835379255337238,0.20816131371462276,0.8117415022466996,0
0.7484280874252949,-0.19823781245106475,0.5428926958988335,-0.4357574018542954,-0.22114632552115507,0.25537892179310906,0.3304441219696076,0.30979200510557164,-0.638687284230597,0.859351347825925,0.8187875988855857,-1.205967607542766,0.41612312925947686,-0.20294710276118577,0.17580475270467955,0
-0.3172174806551836,-0.6946412058256849,1.441527017183386,-0.42626320213490865,1.8555930498377287,1.2571112950835959,-1.3198715582953462,3.0807342348841056,0.35158633649550974,0.22483728334491346,-0.5840081020389299,-0.03287756952486487,-2.0220501936293522,0.5793297683096404,-0.9567073032362717,1
-0.9835724938705778,-2.2610326577481317,1.277469805913241,-0.15499139833018236,-0.7671200634692223,0.07265098674126325,0.12060685993230734,-0.3707872495699518,0.8503202395877023,0.9308630967172493,-1.545479288772742,0.9369282988936647,-0.8795067617858625,0.15677703388589265,-0.7565811157788248,1
0.9601708290199763,-2.7105885437495667,-0.8935533880444414,0.02209642167952323,1.1526896766096024,0.6053849444472438,0.3591549708815253,-0.5109563676290562,0.21491233281587235,-0.6974264925088248,-1.6478395169622018,-1.0296879106108323,2.1049227631913245,0.9096257371393935,-1.6323040254822452,0
0.33451031023037914,-0.005888853590317958,-0.36857837947828376,0.028631898480972858,-1.504611318902139,0.3066593844356813,0.5422616551114574,0.7501560084821769,0.8394883353020237,0.41816623645111134,-0.6197902352328059,-0.3400887866854291,-2.1996933924427977,-2.1032078279388604,0.2166818428343623,0
-0.7299076481707052,0.7300991688793556,-0.49612647797560994,0.41279190290586976,0.5729101500802312,-1.5173029741650959,0.6024638058410557,1.067099632305246,1.148080218212079,-0.3053764947319386,-0.9470859270145219,1.1652773407475507,-1.947921470355745,-1.8786892702999114,0.29104882472820504,1
-1.0617797202062371,-1.1798034025826463,0.9135379669274696,0.0028212102741154415,-1.844352023682527,1.1458365744191694,0.2518347690961313,0.7581283554022955,-2.009049226594489,0.6416880967237708,-0.7353801435318714,1.1629231796505906,0.3173801539290451,-1.1387533985443377,1.0912459510949644,1
-0.5233021085866759,0.39986275899578616,0.7431579193318769,-0.10566667340399202,-0.8769823744877182,-0.4593740610556157,0.7416030905609101,0.13880121939838025,-1.8988887907752041,-0.7491201550654791,1.0844792204878075,0.4778230112309264,-0.7480806118387696,0.724328051731129,1.3879559254233216,1
1.062167168650312,0.8768390208644875,-0.7934967563086989,-0.046817433400631485,-2.295981853984651,-0.6186757420935213,-1.9324613287620704,-0.9775283707666996,1.6383284811689445,1.879872994162222,-0.7753852905274583,-1.2025226531231628,0.9739656717683807,-0.5156502879886777,0.6535657686410119,0
-0.7307930998266045,0.1790171808706606,-0.530944780251656,0.42579828789163,-1.770996640320059,-1.74021359232911,0.4422515711589389,1.8793446798687437,1.8131710522137627,-0.46848000836959003,0.24897051558602362,1.1778264605972137,-0.23867442651877097,-0.4360107602291952,1.114035208597124,1
1.149584251568782,-0.08868492234675592,-0.9617972969640197,-0.013027251632218732,-0.15315072593232762,-1.2870597458051949,0.20978449058796855,1.1443380975819093,1.5264566472590684,0.9964006590212577,-0.20370484537901223,-1.2679719666906497,0.850819598509992,2.3390699392937817,-0.17457811036039,0
-0.9458827879925634,0.6670714457228342,-0.11638145931155464,0.3424894663561532,-0.3477546126988086,-0.35824606673405224,0.2539648834623659,-0.3455865173094456,0.7088670174476199,-2.4170364920173744,0.6972191169473811,1.3387147834864235,-0.03148659166183474,1.0880967407988502,-2.537813931651214,1
0.6249296828440867,-0.4147060001226699,0.774160490264446,-0.481119289239589,-0.2781783599858812,1.5320492591474737,1.5784382637782017,0.2800221129248902,-0.16347208564372584,1.0001585161066573,-0.2909059523344237,-1.1113892085960146,0.3909288709541142,-0.5983492888480513,1.4731892794538537,0
-1.4258004625208083,-1.382551365226631,0.41971199003784476,0.2987440572468051,-0.6300702005329305,-1.1945757121305736,1.5368018762708937,1.395183380148601,-0.3192698633528793,1.7172161801333288,0.8470668913036921,1.8242604962555968,0.7978732266969959,0.18174336348168946,-0.15231728124889335,1
0.15683803464660903,-0.2936141783477017,1.1528558711566008,-0.47108815134144005,-1.1712942695675197,-1.353129404228664,-0.2906223900180971,-0.1620847193124657,-2.735451659916056,-0.012242442852295936,-2.250275320419683,-0.5908832371065277,-0.3743670623611486,-0.20144309462372365,0.11129931030565123,0
0.9194698864132413,0.47665201371790344,-1.354762713259377,0.20356876157440493,-0.770822360623627,-0.527364672805558,-0.3193935569214355,0.6934106916403314,-0.46692510819002064,-0.3292105164388895,0.08174457925553244,-0.8236157737776603,1.7584614781928904,-0.264679154648508,0.5299128165654686,0
0.815363279904182,-0.48499315424162903,1.678519560602917,-0.8720390490664914,-1.1512325980422,0.8111672061017245,1.3073826625546907,1.1012143960100964,-0.45058980305621577,0.14705884447672543,0.4515167296851967,-1.667603572739791,0.6220885262875793,0.7806017247139839,-0.8337060048958614,0
-0.04129576440508913,-1.3333949866957853,-1.8802782753232041,0.7003105112682734,2.3404341659121304,-0.804317580241053,-0.34002033281291294,1.0494122764117548,0.040839620617429,1.437635538336147,0.07580587155054892,0.6687169115204261,-1.165389500057226,-0.20116749386846908,0.36535555276545356,1
0.10294184079908615,-0.910710437948758,0.7234943904143065,-0.2970713330712462,0.4011520510702942,0.19759816480085474,0.36557498125766885,1.1636763903783445,-1.2317141779908443,0.2306500999514225,0.6726543061164039,-0.37702881053661597,0.4332953842247335,0.09794369431383387,0.06641349351528116,0
0.19605457797104997,0.9359963436348192,0.1652586786413106,-0.12257156286276945,0.021488997374216234,0.4313350555572735,2.692259501225141,-0.7226763071630437,-0.1295701951940684,0.8073581788142438,-0.7078566026924802,-0.3234092972632042,-1.1530190471030992,0.2132166465311066,0.35313944845381673,0
0.8631782254939041,0.7161591717353764,-0.9520895491713606,0.07424837434499154,0.5349748309825896,-2.1677170655750926,-0.7062880588702651,-1.4179158578221422,0.7870728076499742,0.6832679601000623,-1.8572898599423449,-0.8772471961058392,-1.283376600907799,0.20134347110482062,1.3149530513680783,0
-0.9384056875319106,0.19308601522274002,0.04804570973019784,0.28002257032942385,0.00011060523867261836,-0.13747179848357233,-0.9043306992245408,0.11428660412622325,0.9903592768529192,-1.4416775752560804,2.682275394878485,1.2749200411865202,0.2896963382589222,-1.473302197349933,-0.5909417395537616,1
-1.4288421090382166,-0.7007865310628942,0.04520943957897139,0.43658397187929415,-0.47222363055384003,0.1669659986848985,2.3972179777109752,-0.7663137311703966,-1.6218894760365228,-0.4585804951534552,-1.656306930481051,1.9503229785360792,-0.5337131719857465,-1.0862219698199813,-0.10185804658412655,1
0.9670293867808675,0.6240928994588303,-0.9993111279186344,0.05857442129712715,-1.1146947231624889,0.2599048660552116,0.7414368404463392,1.1740409495400674,0.3895880076913454,-0.708517372017059,-0.03662144155017221,-1.0047020760172907,1.8854859178214283,-0.4106487902706287,0.5988639980917093,0
0.4039031849529251,-0.7378257731418529,0.6871468497140953,-0.379226203998531,-0.0860585966838903,-0.14838666833082761,-0.6272108366402973,-1.0610843403346846,0.42191605250152076,-0.3583510730393596,0.3010128004525931,-0.7791012491772711,1.208335534526905,1.163669013264432,0.21189481246505856,0
0.3413656055352498,0.742231218089581,0.8453338006263189,-0.4172096781179573,0.9352930254767431,0.04957411399630284,-1.3166125651799139,0.7017554912920404,-0.550678101188385,0.7858772957982914,0.6065708018363859,-0.7445764363650104,1.312951889534336,1.1298270339406424,-0.49666128071055626,0
0.7788883891549504,-0.8439040531042447,-1.066434799580997,0.14276951738112229,-0.3773482192069043,-0.04533372424599241,0.2339931701199697,-1.0657761554672878,1.7991266731035438,-0.10222273573758568,0.959248754197155,-0.7241134445170854,-1.2181511884740583,-0.6912972131690787,-0.7743124777465266,1
-1.3381831039157452,-0.6987379909156154,1.473066099627005,-0.11402669336421013,-1.1135543802704968,-0.9070669714692537,0.02897650320005575,-0.6466545102849979,0.9721914874757984,-0.7026947864955044,-0.12652239375506089,1.3609562100559416,-0.8924298975286014,2.0666689603430295,-1.2132409838253708,1
-0.5716760142673408,3.6017729433748005,-0.7966364911295385,0.47244640692328266,-0.035649474833162935,-0.9175352679055814,0.9861074312707584,-1.1231595402948078,0.4658403174781473,-0.17126067254116364,1.5878282139502409,1.0454659866833085,1.6220624918455222,0.6517090637814376,1.4916181505180568,1
-1.0175212657819526,0.3465003207033474,0.04098609553947985,0.3076915019744151,-0.5334660859323382,-1.1395496274580432,-1.1851686460919522,-0.3289072862058853,-0.7244035717230338,-0.5813290621235895,0.9729761888023822,1.38602240755491,0.7680739725461638,0.6688459581284103,0.6820270573975072,1
1.306671187987051,-0.455297444959013,0.5167885209625251,-0.6032440022638019,0.16583304619538486,-0.26900043106622823,1.2662073507764098,0.1296080540071612,1.4184753711679325,-0.590603457210126,-0.5151289077255716,-1.9652041969830367,0.2350624196596542,-1.5028053078536017,-1.9692527046270767,0
-0.16732779348428822,1.7689478823346334,1.075980348730431,-0.340193367298223,-0.9877372974180278,-1.2501330298376019,-0.5440400833899302,1.9940992576992183,0.5173737608855921,-0.03247889403603183,0.3678069935089656,-0.12005078340857556,-0.627622710990421,0.30914246686322944,-1.017556150019976,1
1.2581486018054389,1.1970407092899238,1.8318130075048185,-1.0684795293140181,0.20956510209788062,-1.0515618603970789,1.1490248089213908,0.061413108361323285,-0.5875725892352818,-0.36471803804402714,-0.5241833703013244,-2.3264389426756953,-0.13204003120805569,-0.7204326041203111,1.0474950356613113,0
0.5985467835355268,0.24774207598140177,-0.9029402224801114,0.14020361448746518,-0.4384960921588454,0.32010530599797615,-0.29973248183497087,-1.558754376499413,1.791310526703703,-1.0434295109413532,0.9471172478865454,-0.5293042468184135,-1.0630486791382718,0.12500124325395917,-1.5889595672723642,0
-1.1138979954715287,0.738061881122178,0.6853023489387305,0.10276557776241514,0.05120333343950988,-0.06884939156661295,-1.0520376646072476,1.6392577338757026,-0.5867117958796046,-1.0989846838173563,-0.43140389591727063,1.3088773969152605,-0.974212247191312,-1.7187120292017226,-1.2727422651692686,1
0.38249142216965076,1.8711127729455705,1.901764995475061,-0.8163618906269197,1.2257507044511766,-0.1323479827477657,-1.2123793708875452,-0.6033187313960853,0.9535742905811393,1.4070080112367949,-0.1698489249362491,-1.144943963982396,1.265338283289026,-0.3750144121886972,0.18726837530079984,0
0.0842766147357093,0.5448488896428525,1.0112260882267703,-0.39631415694152383,1.083116126632958,-0.19093215590809767,1.3927135277350062,0.9287052528244144,1.0096667857840949,0.12349714923960053,-0.9457410679846401,-0.44499958925633587,-0.09390287481640558,1.5531639413645852,-0.2763625721633544,0
-2.1889780354597135,-1.0836543166459425,-0.16327726902937179,0.7538334676766023,-1.771831159914844,-0.18930018580415398,0.5004322837153947,-0.3829274767689543,-0.07904982506546701,2.9220098764326425,0.734844959051124,3.0635617154244312,-0.046449744537422996,-0.6525196315700938,0.7593590404451209,1
-0.7599919480545826,0.7345458249803627,-0.43674709707639914,0.40062976779643855,0.8035512767712217,1.1879463388372238,-0.4778397053627522,-0.0555907796579922,0.0229673303569245,0.1927569605906059,-0.8854489000222523,1.187326583660015,-0.011970524327681056,-1.494026884258283,-0.2781212655001772,1
-0.9018562138449777,-1.3381309121437126,-0.2063173409013006,0.3613982630147614,-0.361622036883993,-0.20249870182310092,-0.3678771937138397,0.017426788941712477,-0.39325211163484874,1.1893956504618142,0.24010250114326814,1.307435637039279,-0.273627650016509,1.3272820399752259,-1.232618606337003,1
-2.160261878101253,0.2210617824839572,2.29687145119506,-0.1544222714642219,-3.399100484593513,-0.5989547075052041,-0.146148566848298,0.5665949495000754,-1.3489512216536383,-1.3755551686879293,-3.312239585998215,2.2234300377998277,-0.07584557159941833,0.7422949131975751,-0.15896665176177593,1
-0.6417456692662091,2.009645964876699,1.9142432210750109,-0.4961214775331174,0.9192460655732024,-0.565906965821576,-0.11347233196501202,-0.9052251947465901,-1.439334505649473,0.25302410297096867,-0.12742760754045884,0.2595921818347403,0.5693211028484401,1.8350721897244437,0.6959591518960476,1
0.5021549518905265,0.22078012852544238,-0.7325641662494242,0.10850088941887767,-0.02040136916196443,0.5363560358075473,0.2984081896637544,0.30024630512325384,-1.084477622203034,-1.619539144901326,-0.025050550510223757,-0.45218774126386496,-0.7451431017436172,-2.10073578747267,-0.5446572032300142,0
0.36820059374346953,-0.16859003718877882,1.3993281505974182,-0.6281965233767571,0.4927593411504391,-1.106391830304694,0.05971724097170974,-0.6095801281467602,0.8009209653476014,0.4880300081374757,-0.3751721196467262,-0.9617754970969811,-0.17605085115078042,2.144120989438276,-0.23454940065824706,0
0.08823785936360674,-0.4636901712499396,2.2186049271608583,-0.8388501430317592,1.467898720456356,-0.7036367518236831,-2.6503048942845373,-1.1135025762791524,-1.2154776957350668,-0.5503231832108099,1.8349704977925547,-0.8433809199518636,-0.6651209510080172,0.5639027763337988,-0.7549952917319136,1
0.4014863762509015,-0.7532900676768813,1.1390553845753046,-0.5436259479695502,1.2932169880874975,0.5572413558877238,0.6221131330253177,-0.916887932357756,-1.0188851735984366,0.5290741725002253,0.6937988804078539,-0.9228481836740892,-0.5956205399915376,-0.04329485300869339,0.35907204435921736,0
-0.7900216861812366,0.3671420170325624,-0.4070162562119327,0.3992864505775143,-1.3179083771743934,0.7511279615132515,0.35867603713811314,1.011596469558929,-1.4865923300762072,0.11886415499441849,1.186323453507805,1.2189497137559422,1.7499218317644094,0.9704547689442197,2.179501112935973,1
-0.6945522762539662,0.17651769106972137,-0.592727774174064,0.43688658291666127,-0.17625331262974003,-0.7559557304677235,-0.9232143148668132,-0.04687712305498142,-1.132400542892163,1.9149039308661933,-0.39262565848472214,1.1480926082473355,1.0184762777894008,0.5394655827178277,0.5119154363969937,1
-1.4440154693926806,0.55442147804976,0.8732862471320513,0.13874536233829887,-1.466704247030209,0.09836134294054637,-0.2590106709982345,0.2753235803284993,-2.788264972495816,0.20993453792616693,-0.5323838825165544,1.7016981673802027,-0.7246817349466561,0.5969612418207888,-0.4530318950466254,1
-2.2277703880566637,-0.10656607864732295,0.20026897302295543,0.6332641201208649,-0.13211939096429587,0.806020166710325,-1.1763082659992152,0.03945626827638812,0.122364511746353,-2.3472755413371713,0.9198763161149565,2.9985977139765385,-0.3105592436141645,-2.2750656513654235,-1.2407374758103193,1
0.044164277146909146,0.6775400819174273,2.405828381439902,-0.8933012586407315,1.4142932643462183,0.16199752352270247,0.2013304842094385,-0.18708831464479786,-1.3035731786908822,-0.6230971738273815,-0.12081756769295592,-0.8436987311696077,0.8388363586860359,1.5675217515188278,-0.9105365032858002,0
0.916235306370761,-0.9113820407286682,-1.434610715951854,0.23377780648438368,0.17691706994728176,-0.32230900119372563,1.3119655706145157,1.0158847643186777,0.9810251576956889,-1.066439304322736,-0.1816756886163008,-0.7931813582124683,-2.8296428035502523,0.4284198026959742,-0.9321764569317363,0
0.613386421310614,0.42106210924616605,0.7769526554803621,-0.4784792436593449,-0.04966645307492396,0.31323443802796225,-1.0564563696298934,-1.0143910414961796,-0.4462279706485301,1.2047363350267564,0.9273932707188226,-1.0964228606002844,1.2144364312406908,0.11334191431499491,0.4033187423230743,0
-1.3154643862132611,1.065144895967254,0.9012345533133675,0.08776516637343106,-1.72511907071184,-0.46477580169730204,-1.6167427396987781,-0.19470299247733036,2.040017104338837,1.0649198352204874,-0.18618173072243338,1.515810808186901,-0.7243244937473045,-0.9621248268166138,-2.520351513821084,1
-0.4841337789357736,0.15044804814860566,-1.0080763329971534,0.5219637028045481,-1.0555780634834846,-0.2136795860595334,0.029440229536713804,-0.8322726335295336,-1.0006141717485775,0.5583977229102612,-0.5388566313607152,0.9938839597264998,0.5390414630558091,0.8420357957444502,-0.24748724043942985,1
-0.8539909183772965,-0.5517999475712835,-0.3125674391302672,0.38505235770433816,-0.5128664210972333,-0.5824640498056318,-0.7993638381496453,-1.2029191322468138,-1.1860519721652205,1.1433092250294539,-0.05278480783151599,1.276186588151455,-0.5357400638391774,-1.1652299866416658,-1.1996627154223525,1
-0.9016955895965696,-0.15511308276274088,-0.21005672436452738,0.36271401818391696,0.20935914366640462,-0.3047801077482638,0.18115600176894758,-2.9543567044923114,-2.6995459877735044,0.4458682289139447,0.6271453454219458,1.3084316941493386,-0.1835206631124366,-1.942800676147751,-0.8410582009713163,1
-1.2830426971165203,1.1830357118355161,1.7221569601705928,-0.2225517192560902,-0.54909884639849,-0.1230190446034402,-0.1714731715706646,0.02647900112386166,-1.1492168368317404,0.3096863877751946,0.470106534042327,1.204058559302946,0.06375188810170342,2.0204006164647184,0.676108018541242,1
0.8235220024764842,-1.2623129115274176,-1.1863282307357002,0.17243487160400633,-0.08390693273700264,-0.11927055195480371,-0.18387491440144155,0.12055710168076544,-1.6811078011285885,-0.8617913187228412,-0.17812079684910717,-0.7464779413255398,-0.42017181056690245,0.2852189288118367,1.2535496076976929,0
-0.5313866123847895,-0.8309679143335221,-0.9301574789810884,0.5084700545077312,0.7599429131089437,1.754755368075767,0.7753625492649677,0.9898965827361073,-1.0684439226947837,-0.6995121765401018,1.6389106273092995,1.0335109299330965,-0.12131485697763275,-0.031374264539528976,-0.515226940841928,1
1.2012360925779368,-0.42978997225427834,0.20808974090589671,-0.45698392426968304,-1.1016117170172215,1.1278224534386037,-0.11703142745399388,0.126561351110021,2.108833420296843,0.35592135006932624,0.1047424830711849,-1.7197390282875866,-0.27416036839652663,0.13575284852764904,2.0284450721135014,0
-1.2089473139212978,-0.23988744807011095,0.3597031496247345,0.25190903244429785,0.8170434915685499,-1.4155333012825198,-1.3636139169305976,-0.13166269083409304,-0.26541875788068753,0.2540219321490077,0.289873068589353,1.5455595045654218,0.5925857701173494,0.7933918010283706,0.891811622156028,1
0.09579672804044957,1.1198018701456343,-2.154343808167841,0.7570034738943949,0.752191327396661,-1.3040944548269677,0.5451409687955415,-0.21312868628842455,-1.527037387974769,-0.8480874088543942,1.0944810132935723,0.569371288522136,-0.3207356184050655,0.10458110978568919,1.671751286815807,1
-0.12698460468582048,3.042462767135965,2.0178171199248363,-0.6972147626039716,0.9293692569985905,-0.7972239162042921,0.5791730287294359,-0.7169324517816787,0.2830502744595388,-0.7352880399804498,1.1596998816090573,-0.48204798259444837,-1.2688862307744557,-0.05498981670806863,-0.07461326138575787,1
0.8387949293606977,0.3833421078219203,-0.846980215122813,0.04356471665943567,-0.6982865923396397,1.2838052748285864,0.6869893468362037,0.3998695050698786,0.0704553532101743,-0.14748658860080155,-0.010056921129013798,-0.877920857418572,1.6817684958802765,-2.080212528080508,1.7097328414473831,1
1.217991049390675,0.36068173267722464,-1.15117051675995,0.034493143121231536,0.16137170711803517,0.8427146395000561,-0.20062858110466966,1.1793628304474137,-0.5606750754963533,0.6597107335160546,-1.22588209904829,-1.3004191404454786,-2.4266343125285226,2.269647610788285,-0.6939133193523613,0
-0.025379974572021617,0.855595448875322,0.539782429839818,-0.18923443821571315,-1.9718161243995769,0.7327183000383075,0.5085783776578107,-1.8484037802533198,-0.9667708024666195,-0.5807871937031431,-0.1782864799286516,-0.14076448954380227,0.09059606951072123,1.0098422585856293,-0.26039408192647506,1
-0.7464003880505277,-1.3664662842755724,-0.5514399578756808,0.43823829064945014,0.18222457634195127,-0.04246111811891434,-0.3645738364606354,-0.6219088624760353,1.614148033470621,0.006503996232632749,0.6249247833242069,1.2059606348777245,0.5366540476086059,-1.4460027275451708,0.1857051437790977,1
0.6595639011108935,-0.1923623744393816,-0.7510814739005806,0.06535195079767311,-1.7140776758718719,-1.7355094335173815,-0.5878005807636364,-1.0418068483547709,0.6652931415554186,1.379388887169381,0.7111057521077454,-0.6626403735066895,-0.25891868790163053,1.1101517230312339,1.9396829455446087,0
-0.6559419322107831,-0.3418149442531765,1.2518348313430747,-0.249518771059682,-1.2598338915082048,0.9344903850575891,0.0669335201659445,-0.5018326463345936,1.0186942885617196,0.15653771889579104,0.518269660538391,0.49469229238734425,-1.1908341219570076,0.7495756939878375,-0.3678620150262053,1
-1.0005688002436708,0.5900172257609655,0.5755467014516642,0.10694131109500209,-0.2620348866921998,0.4773013038188101,-0.9854254064715743,-2.0024546309725926,1.3132665683832472,-2.2416139913906936,1.223033332692793,1.188739016562575,1.0927067298776845,0.6146238605953797,0.44197140079837016,1
-0.17878401488275922,-0.10891643187056574,-1.6144815790336309,0.646765191790219,-1.2555475973133858,-0.7383070889023706,-1.800286972050975,1.3812407665060003,-1.4342474841181507,0.38972631386498724,-0.27174795232513993,0.7712978455077134,-0.9447942758239383,-0.273155405787348,0.5949016905997904,1
1.6526385017828062,2.5209864509623334,-1.5617061216020998,0.04670481364149268,0.5296938000816147,-0.2704275668258803,0.5711433066449555,-2.6107843851376575,0.5341455814543911,-1.801202607293371,-0.7477489275069593,-1.7645682971768382,-0.8188149380444334,0.46868863200814076,0.26888801520777006,0
0.960846761130184,-0.28693417272308763,-1.1851815984974527,0.12846804196591524,0.4161372733618984,-1.165652626684751,-1.8191446868047005,1.2871937121981185,1.3809139068572047,-0.6168346956027536,-0.13877160540037575,-0.9357089965400289,0.1399069612497628,-0.9732766242860138,0.6696036742713537,0
0.05294979081079549,-1.7753207383836278,2.0252534807137614,-0.7569925570873346,-0.327366223296759,0.6613470435610732,-0.510911837947175,0.6316795937556849,-0.142882298160698,-0.4932736120723507,1.6630887699324708,-0.7319255178322259,0.1995391952906647,0.1451135947899394,1.5372301760225122,0
0.9483319585782318,1.214168870522053,-0.9106113430590866,0.03208514628999078,-0.09619168836813569,-0.29112592785001984,-0.36611550160911044,-0.07910671859089367,-0.9256550381129495,-1.0874429700083503,-0.5933704220308741,-1.0078549299190789,1.4354747087680915,-0.355668576386578,-0.0850747178727243,0
0.1589170686657045,-0.36637087805574037,-2.2769857757711347,0.7818109591382917,-0.358648201805217,-0.19939115191284018,1.6975644448326803,0.04172983771772722,-1.4304550652912245,1.2450100425307749,-1.4011779233420685,0.5224771417407978,-1.7265973970580393,0.11514819529028116,-1.2402392472856316,1
1.333989230817283,0.425446588109315,-1.58066467092979,0.15468238321869635,-0.28586976476465986,-1.2644850686129872,0.0757914605648712,-0.1757261794491483,-0.23606006508306165,0.8643316838302684,0.8804201342688873,-1.320171271009957,1.6838711237419306,-1.5829069379411471,0.10949639483863229,0
-1.131912111337652,0.7843023131504075,1.658181023283663,-0.247095210873005,-1.2677415937968834,-1.1368498814599077,-1.5437585567668424,0.45714057160702815,-1.1986587862889109,-0.19749941403990962,0.9038923141108921,1.0170345530812206,0.4802970345805628,-0.2834434646067701,-0.27522561936732726,1
-1.0633413164598542,0.26079828803343774,0.17575135371762818,0.2729669433953792,-0.3725143634792425,-1.46132819123908,0.6143162057402362,-0.5042147967603128,-0.6365420405457425,-0.8096292715074089,-0.20136590935008492,1.4051786306246634,0.7471142621457366,-1.5564923684732919,1.5825068878478996,1
0.011092668852933212,-0.9880590209843274,0.6298257892188859,-0.2337100323093008,0.1828410235902766,2.4193994183107552,0.6566754507763818,0.8276121729331807,-0.08419542616721828,-1.1858948281523312,0.4355445300667189,-0.22022805230196496,1.6436305849158697,-1.1175853828445803,0.2255669934117751,0
1.2400275567243904,-0.4360629958106236,-0.9400859251122848,-0.04964338560980361,-1.0702151488892826,-0.9185667487868123,-0.3221182081461562,1.0690513991662876,4.378202632204308,-2.0933636303128944,0.20999928427164896,-1.399421274855518,-0.8745088732224994,-0.031133884567679383,0.0007627042428972882,0
-0.09324202206640811,0.017426310210066312,1.7732654288147238,-0.61853487497465,0.16392332378402985,0.44880458408828156,0.44507264854623957,-2.2620557922103006,0.6786177565619899,0.14593643203508663,0.5813387326398269,-0.4488652115609588,-1.285132190722545,-0.1670990157307651,0.16622619908602804,0
-0.274972376912253,-1.175562390570526,-1.3895106435870548,0.5950442905657803,-0.7838762909731237,0.27354861855622836,-0.21908078897429034,0.11874657421359981,-0.6489759342142902,0.9370408563093217,-0.5946896881658253,0.830366979011067,-0.2483939192958541,0.20273702604930025,-0.7561477936969397,1
0.9715256238464848,1.9714636433171482,-0.9073247004888263,0.02352886409527533,-0.08345484433707538,-0.2738214243773146,-1.3406529284682844,0.7176060345451468,-0.5459754025830289,-2.2948393675896637,-0.6821293821620479,-1.040821975119959,-0.43973359533101264,-1.4034016588526117,-1.1640811554035826,0
0.6938348527695964,-1.603087476788845,0.6798885226031436,-0.46851509260604884,-0.24959298599331695,0.15934756721236384,0.8906405920726851,-0.264261798151003,-0.12353894213757576,-0.5015739123260238,-0.7263380975237643,-1.1754718583388986,0.8208603219401849,0.564654533586435,0.675727311477916,0
1.0883535391392973,0.5691277678526997,-1.0033537165858208,0.021578211738019208,-0.3592481178178367,3.088418821705545,0.8313174792630681,-1.1114005835342033,-0.6177913249483367,-0.25354239122529176,-0.1381029643184626,-1.1702392643139423,0.5467479009443272,-0.46185612266971704,-1.4468642335767732,0
-1.1032933176279711,0.2630317517760691,1.2567870289488146,-0.10946685851651548,-0.4101014427116678,-0.8561076512662971,-0.19117300233911613,-1.7843921879216353,-0.8545881856962008,1.7983551320897804,-1.5938475458383785,1.1083071950153969,-1.3042927919947218,1.453168993035456,0.9355013474336134,1
0.8964526058113257,0.6818012575306132,-0.8362228327459713,0.02134892751475136,1.733028726912108,-0.8279031944652422,0.7217173291638629,-1.458474777658359,1.8117710673002647,-0.6532620476495155,-0.7162937082638937,-0.9607163437310517,-1.182953648242993,-0.5437029431343023,1.1582558427035656,0
