{
	"info":"",
    "images": [
        {
            "file_name": "2007_000027.jpg",
            "height": 480,
            "width": 640,
            "id": 0
        },
        {
            "file_name": "2007_000063.jpg",
            "height": 480,
            "width": 640,
            "id": 1
        }
    ],
    "categories": [
        {
            "id": 0,
            "name": "bookcase",
            "supercategory": ""
        },
        {
            "id": 1,
            "name": "coffeetable",
            "supercategory": ""
        },
        {
            "id": 2,
            "name": "vase",
            "supercategory": ""
        },
        {
            "id": 3,
            "name": "pottedplant",
            "supercategory": ""
        },
        {
            "id": 4,
            "name": "heater",
            "supercategory": ""
        },
        {
            "id": 5,
            "name": "cup",
            "supercategory": ""
        },
        {
            "id": 6,
            "name": "bottle",
            "supercategory": ""
        },
        {
            "id": 7,
            "name": "pictureframe",
            "supercategory": ""
        },
        {
            "id": 8,
            "name": "doll",
            "supercategory": ""
        },
        {
            "id": 9,
            "name": "refrigerator",
            "supercategory": ""
        },
        {
            "id": 10,
            "name": "windowblind",
            "supercategory": ""
        },
        {
            "id": 11,
            "name": "chair",
            "supercategory": ""
        },
        {
            "id": 12,
            "name": "book",
            "supercategory": ""
        },
        {
            "id": 13,
            "name": "tvmonitor",
            "supercategory": ""
        }
    ],
    "annotations": [
        {
            "id": 0,
            "image_id": 0,
            "bbox": [
                176,
                206,
                49,
                60
            ],
            "area": 2940,
            "iscrowd": 0,
            "category_id": 7,
            "segmentation": []
        },
        {
            "id": 1,
            "image_id": 0,
            "bbox": [
                170,
                156,
                180,
                84
            ],
            "area": 15120,
            "iscrowd": 0,
            "category_id": 4,
            "segmentation": []
        },
        {
            "id": 2,
            "image_id": 0,
            "bbox": [
                272,
                190,
                44,
                69
            ],
            "area": 3036,
            "iscrowd": 0,
            "category_id": 3,
            "segmentation": []
        },
        {
            "id": 3,
            "image_id": 0,
            "bbox": [
                439,
                157,
                117,
                84
            ],
            "area": 9828,
            "iscrowd": 0,
            "category_id": 12,
            "segmentation": []
        },
        {
            "id": 4,
            "image_id": 0,
            "bbox": [
                437,
                246,
                81,
                105
            ],
            "area": 8505,
            "iscrowd": 0,
            "category_id": 12,
            "segmentation": []
        },
        {
            "id": 5,
            "image_id": 0,
            "bbox": [
                515,
                306,
                80,
                69
            ],
            "area": 5520,
            "iscrowd": 0,
            "category_id": 12,
            "segmentation": []
        },
        {
            "id": 6,
            "image_id": 0,
            "bbox": [
                407,
                386,
                124,
                90
            ],
            "area": 11160,
            "iscrowd": 0,
            "category_id": 12,
            "segmentation": []
        },
        {
            "id": 7,
            "image_id": 0,
            "bbox": [
                544,
                419,
                77,
                57
            ],
            "area": 4389,
            "iscrowd": 0,
            "category_id": 12,
            "segmentation": []
        },
        {
            "id": 8,
            "image_id": 0,
            "bbox": [
                609,
                297,
                27,
                95
            ],
            "area": 2565,
            "iscrowd": 0,
            "category_id": 12,
            "segmentation": []
        },
        {
            "id": 9,
            "image_id": 0,
            "bbox": [
                172,
                251,
                234,
                225
            ],
            "area": 52650,
            "iscrowd": 0,
            "category_id": 1,
            "segmentation": []
        },
        {
            "id": 10,
            "image_id": 0,
            "bbox": [
                2,
                236,
                100,
                159
            ],
            "area": 15900,
            "iscrowd": 0,
            "category_id": 1,
            "segmentation": []
        },
        {
            "id": 11,
            "image_id": 0,
            "bbox": [
                2,
                10,
                171,
                228
            ],
            "area": 38988,
            "iscrowd": 0,
            "category_id": 13,
            "segmentation": []
        },
        {
            "id": 12,
            "image_id": 0,
            "bbox": [
                395,
                2,
                244,
                468
            ],
            "area": 114192,
            "iscrowd": 0,
            "category_id": 0,
            "segmentation": []
        },
        {
            "id": 13,
            "image_id": 0,
            "bbox": [
                482,
                83,
                33,
                24
            ],
            "area": 792,
            "iscrowd": 0,
            "category_id": 8,
            "segmentation": []
        },
        {
            "id": 14,
            "image_id": 0,
            "bbox": [
                276,
                233,
                28,
                26
            ],
            "area": 728,
            "iscrowd": 0,
            "category_id": 2,
            "segmentation": []
        },
        {
            "id": 15,
            "image_id": 1,
            "bbox": [
                4,
                12,
                293,
                370
            ],
            "area": 108410,
            "iscrowd": 0,
            "category_id": 3,
            "segmentation": []
        },
        {
            "id": 16,
            "image_id": 1,
            "bbox": [
                439,
                210,
                101,
                72
            ],
            "area": 7272,
            "iscrowd": 0,
            "category_id": 3,
            "segmentation": []
        },
        {
            "id": 17,
            "image_id": 1,
            "bbox": [
                215,
                257,
                37,
                39
            ],
            "area": 1443,
            "iscrowd": 0,
            "category_id": 2,
            "segmentation": []
        },
        {
            "id": 18,
            "image_id": 1,
            "bbox": [
                266,
                207,
                131,
                96
            ],
            "area": 12576,
            "iscrowd": 0,
            "category_id": 7,
            "segmentation": []
        },
        {
            "id": 19,
            "image_id": 1,
            "bbox": [
                185,
                256,
                345,
                191
            ],
            "area": 65895,
            "iscrowd": 0,
            "category_id": 1,
            "segmentation": []
        },
        {
            "id": 20,
            "image_id": 1,
            "bbox": [
                165,
                4,
                318,
                87
            ],
            "area": 27666,
            "iscrowd": 0,
            "category_id": 10,
            "segmentation": []
        },
        {
            "id": 21,
            "image_id": 1,
            "bbox": [
                474,
                260,
                30,
                39
            ],
            "area": 1170,
            "iscrowd": 0,
            "category_id": 2,
            "segmentation": []
        },
        {
            "id": 22,
            "image_id": 1,
            "bbox": [
                110,
                341,
                79,
                99
            ],
            "area": 7821,
            "iscrowd": 0,
            "category_id": 2,
            "segmentation": []
        }
    ]
}