[
    {
        "image_id": 0,
        "category_id": 13,
        "bbox": [
            0,
            13,
            174,
            231
        ],
        "score": 0.471781
    },
    {
        "image_id": 0,
        "category_id": 5,
        "bbox": [
            274,
            226,
            27,
            39
        ],
        "score": 0.414941
    },
    {
        "image_id": 0,
        "category_id": 12,
        "bbox": [
            429,
            219,
            99,
            28
        ],
        "score": 0.460851
    },
    {
        "image_id": 0,
        "category_id": 6,
        "bbox": [
            336,
            231,
            40,
            74
        ],
        "score": 0.28715
    },
    {
        "image_id": 0,
        "category_id": 11,
        "bbox": [
            0,
            199,
            88,
            237
        ],
        "score": 0.292345
    },
    {
        "image_id": 0,
        "category_id": 12,
        "bbox": [
            433,
            260,
            73,
            76
        ],
        "score": 0.269833
    },
    {
        "image_id": 0,
        "category_id": 12,
        "bbox": [
            518,
            314,
            85,
            55
        ],
        "score": 0.462608
    },
    {
        "image_id": 0,
        "category_id": 12,
        "bbox": [
            592,
            310,
            42,
            78
        ],
        "score": 0.298196
    },
    {
        "image_id": 0,
        "category_id": 12,
        "bbox": [
            403,
            384,
            114,
            77
        ],
        "score": 0.382881
    },
    {
        "image_id": 0,
        "category_id": 12,
        "bbox": [
            405,
            429,
            114,
            41
        ],
        "score": 0.369369
    },
    {
        "image_id": 0,
        "category_id": 3,
        "bbox": [
            259,
            183,
            45,
            56
        ],
        "score": 0.297364
    },
    {
        "image_id": 0,
        "category_id": 3,
        "bbox": [
            279,
            178,
            61,
            70
        ],
        "score": 0.510713
    },
    {
        "image_id": 0,
        "category_id": 7,
        "bbox": [
            187,
            206,
            50,
            52
        ],
        "score": 0.261096
    },
    {
        "image_id": 0,
        "category_id": 12,
        "bbox": [
            433,
            272,
            66,
            69
        ],
        "score": 0.272826
    },
    {
        "image_id": 0,
        "category_id": 12,
        "bbox": [
            413,
            390,
            102,
            69
        ],
        "score": 0.619459
    },
    {
        "image_id": 1,
        "category_id": 3,
        "bbox": [
            14,
            52,
            295,
            373
        ],
        "score": 0.81948
    },
    {
        "image_id": 1,
        "category_id": 3,
        "bbox": [
            438,
            209,
            101,
            72
        ],
        "score": 0.61384
    },
    {
        "image_id": 1,
        "category_id": 2,
        "bbox": [
            214,
            257,
            37,
            38
        ],
        "score": 0.551992
    },
    {
        "image_id": 1,
        "category_id": 2,
        "bbox": [
            458,
            256,
            33,
            27
        ],
        "score": 0.264438
    },
    {
        "image_id": 1,
        "category_id": 10,
        "bbox": [
            247,
            0,
            260,
            112
        ],
        "score": 0.339878
    },
    {
        "image_id": 1,
        "category_id": 7,
        "bbox": [
            237,
            204,
            181,
            86
        ],
        "score": 0.540837
    },
    {
        "image_id": 1,
        "category_id": 3,
        "bbox": [
            426,
            210,
            102,
            76
        ],
        "score": 0.728262
    }
]