<annotation>
	<folder>decayed</folder>
	<filename>101.jpg</filename>
	<path>dental_image_in_voc_format/JPEGImages/101.jpg</path>
	<source>
		<database>Unknown</database>
	</source>
	<size>
		<width>188</width>
		<height>179</height>
		<depth>3</depth>
	</size>
	<segmented>0</segmented>
	<object>
		<name>decayed</name>
		<pose>Unspecified</pose>
		<truncated>0</truncated>
		<difficult>0</difficult>
		<bndbox>
			<xmin>11</xmin>
			<ymin>6</ymin>
			<xmax>181</xmax>
			<ymax>163</ymax>
		</bndbox>
	</object>
</annotation>
