<annotation>
	<folder>decayed</folder>
	<filename>102.jpg</filename>
	<path>dental_image_in_voc_format/JPEGImages/102.jpg</path>
	<source>
		<database>Unknown</database>
	</source>
	<size>
		<width>128</width>
		<height>135</height>
		<depth>3</depth>
	</size>
	<segmented>0</segmented>
	<object>
		<name>decayed</name>
		<pose>Unspecified</pose>
		<truncated>0</truncated>
		<difficult>0</difficult>
		<bndbox>
			<xmin>47</xmin>
			<ymin>59</ymin>
			<xmax>76</xmax>
			<ymax>89</ymax>
		</bndbox>
	</object>
	<object>
		<name>decayed</name>
		<pose>Unspecified</pose>
		<truncated>0</truncated>
		<difficult>0</difficult>
		<bndbox>
			<xmin>7</xmin>
			<ymin>62</ymin>
			<xmax>25</xmax>
			<ymax>82</ymax>
		</bndbox>
	</object>
</annotation>
