<annotation>
	<folder>decayed</folder>
	<filename>104.jpg</filename>
	<path>dental_image_in_voc_format/JPEGImages/104.jpg</path>
	<source>
		<database>Unknown</database>
	</source>
	<size>
		<width>147</width>
		<height>139</height>
		<depth>3</depth>
	</size>
	<segmented>0</segmented>
	<object>
		<name>decayed</name>
		<pose>Unspecified</pose>
		<truncated>0</truncated>
		<difficult>0</difficult>
		<bndbox>
			<xmin>61</xmin>
			<ymin>43</ymin>
			<xmax>92</xmax>
			<ymax>61</ymax>
		</bndbox>
	</object>
</annotation>
