<annotation>
	<folder>decayed</folder>
	<filename>105.jpg</filename>
	<path>dental_image_in_voc_format/JPEGImages/105.jpg</path>
	<source>
		<database>Unknown</database>
	</source>
	<size>
		<width>139</width>
		<height>143</height>
		<depth>3</depth>
	</size>
	<segmented>0</segmented>
	<object>
		<name>decayed</name>
		<pose>Unspecified</pose>
		<truncated>0</truncated>
		<difficult>0</difficult>
		<bndbox>
			<xmin>36</xmin>
			<ymin>51</ymin>
			<xmax>79</xmax>
			<ymax>96</ymax>
		</bndbox>
	</object>
	<object>
		<name>decayed</name>
		<pose>Unspecified</pose>
		<truncated>0</truncated>
		<difficult>0</difficult>
		<bndbox>
			<xmin>90</xmin>
			<ymin>66</ymin>
			<xmax>115</xmax>
			<ymax>107</ymax>
		</bndbox>
	</object>
</annotation>
