<annotation>
	<folder>decayed</folder>
	<filename>107.jpg</filename>
	<path>dental_image_in_voc_format/JPEGImages/107.jpg</path>
	<source>
		<database>Unknown</database>
	</source>
	<size>
		<width>72</width>
		<height>99</height>
		<depth>3</depth>
	</size>
	<segmented>0</segmented>
	<object>
		<name>decayed</name>
		<pose>Unspecified</pose>
		<truncated>0</truncated>
		<difficult>0</difficult>
		<bndbox>
			<xmin>35</xmin>
			<ymin>47</ymin>
			<xmax>43</xmax>
			<ymax>57</ymax>
		</bndbox>
	</object>
</annotation>
