<annotation>
	<folder>decayed</folder>
	<filename>108.jpg</filename>
	<path>dental_image_in_voc_format/JPEGImages/108.jpg</path>
	<source>
		<database>Unknown</database>
	</source>
	<size>
		<width>136</width>
		<height>133</height>
		<depth>3</depth>
	</size>
	<segmented>0</segmented>
	<object>
		<name>decayed</name>
		<pose>Unspecified</pose>
		<truncated>0</truncated>
		<difficult>0</difficult>
		<bndbox>
			<xmin>59</xmin>
			<ymin>43</ymin>
			<xmax>96</xmax>
			<ymax>103</ymax>
		</bndbox>
	</object>
</annotation>
