<annotation>
	<folder>decayed</folder>
	<filename>110.jpg</filename>
	<path>dental_image_in_voc_format/JPEGImages/110.jpg</path>
	<source>
		<database>Unknown</database>
	</source>
	<size>
		<width>85</width>
		<height>85</height>
		<depth>3</depth>
	</size>
	<segmented>0</segmented>
	<object>
		<name>decayed</name>
		<pose>Unspecified</pose>
		<truncated>0</truncated>
		<difficult>0</difficult>
		<bndbox>
			<xmin>40</xmin>
			<ymin>29</ymin>
			<xmax>57</xmax>
			<ymax>53</ymax>
		</bndbox>
	</object>
</annotation>
