<annotation>
	<folder>decayed</folder>
	<filename>112.jpg</filename>
	<path>dental_image_in_voc_format/JPEGImages/112.jpg</path>
	<source>
		<database>Unknown</database>
	</source>
	<size>
		<width>111</width>
		<height>116</height>
		<depth>3</depth>
	</size>
	<segmented>0</segmented>
	<object>
		<name>decayed</name>
		<pose>Unspecified</pose>
		<truncated>0</truncated>
		<difficult>0</difficult>
		<bndbox>
			<xmin>29</xmin>
			<ymin>37</ymin>
			<xmax>61</xmax>
			<ymax>66</ymax>
		</bndbox>
	</object>
</annotation>
