<annotation>
	<folder>decayed</folder>
	<filename>113.jpg</filename>
	<path>dental_image_in_voc_format/JPEGImages/113.jpg</path>
	<source>
		<database>Unknown</database>
	</source>
	<size>
		<width>312</width>
		<height>280</height>
		<depth>3</depth>
	</size>
	<segmented>0</segmented>
	<object>
		<name>decayed</name>
		<pose>Unspecified</pose>
		<truncated>0</truncated>
		<difficult>0</difficult>
		<bndbox>
			<xmin>138</xmin>
			<ymin>141</ymin>
			<xmax>195</xmax>
			<ymax>199</ymax>
		</bndbox>
	</object>
</annotation>
