<annotation>
	<folder>decayed</folder>
	<filename>114.jpg</filename>
	<path>dental_image_in_voc_format/JPEGImages/114.jpg</path>
	<source>
		<database>Unknown</database>
	</source>
	<size>
		<width>71</width>
		<height>76</height>
		<depth>3</depth>
	</size>
	<segmented>0</segmented>
	<object>
		<name>decayed</name>
		<pose>Unspecified</pose>
		<truncated>0</truncated>
		<difficult>0</difficult>
		<bndbox>
			<xmin>17</xmin>
			<ymin>12</ymin>
			<xmax>65</xmax>
			<ymax>50</ymax>
		</bndbox>
	</object>
</annotation>
