<annotation>
	<folder>decayed</folder>
	<filename>115.jpg</filename>
	<path>dental_image_in_voc_format/JPEGImages/115.jpg</path>
	<source>
		<database>Unknown</database>
	</source>
	<size>
		<width>50</width>
		<height>78</height>
		<depth>3</depth>
	</size>
	<segmented>0</segmented>
	<object>
		<name>decayed</name>
		<pose>Unspecified</pose>
		<truncated>0</truncated>
		<difficult>0</difficult>
		<bndbox>
			<xmin>4</xmin>
			<ymin>14</ymin>
			<xmax>33</xmax>
			<ymax>61</ymax>
		</bndbox>
	</object>
</annotation>
