<annotation>
	<folder>decayed</folder>
	<filename>116.jpg</filename>
	<path>dental_image_in_voc_format/JPEGImages/116.jpg</path>
	<source>
		<database>Unknown</database>
	</source>
	<size>
		<width>137</width>
		<height>108</height>
		<depth>3</depth>
	</size>
	<segmented>0</segmented>
	<object>
		<name>decayed</name>
		<pose>Unspecified</pose>
		<truncated>0</truncated>
		<difficult>0</difficult>
		<bndbox>
			<xmin>33</xmin>
			<ymin>30</ymin>
			<xmax>84</xmax>
			<ymax>76</ymax>
		</bndbox>
	</object>
</annotation>
