<annotation>
	<folder>decayed</folder>
	<filename>117.jpg</filename>
	<path>dental_image_in_voc_format/JPEGImages/117.jpg</path>
	<source>
		<database>Unknown</database>
	</source>
	<size>
		<width>162</width>
		<height>161</height>
		<depth>3</depth>
	</size>
	<segmented>0</segmented>
	<object>
		<name>decayed</name>
		<pose>Unspecified</pose>
		<truncated>0</truncated>
		<difficult>0</difficult>
		<bndbox>
			<xmin>15</xmin>
			<ymin>22</ymin>
			<xmax>138</xmax>
			<ymax>116</ymax>
		</bndbox>
	</object>
</annotation>
