<annotation>
	<folder>decayed</folder>
	<filename>118.jpg</filename>
	<path>dental_image_in_voc_format/JPEGImages/118.jpg</path>
	<source>
		<database>Unknown</database>
	</source>
	<size>
		<width>162</width>
		<height>166</height>
		<depth>3</depth>
	</size>
	<segmented>0</segmented>
	<object>
		<name>decayed</name>
		<pose>Unspecified</pose>
		<truncated>0</truncated>
		<difficult>0</difficult>
		<bndbox>
			<xmin>24</xmin>
			<ymin>63</ymin>
			<xmax>52</xmax>
			<ymax>102</ymax>
		</bndbox>
	</object>
	<object>
		<name>decayed</name>
		<pose>Unspecified</pose>
		<truncated>0</truncated>
		<difficult>0</difficult>
		<bndbox>
			<xmin>64</xmin>
			<ymin>51</ymin>
			<xmax>102</xmax>
			<ymax>101</ymax>
		</bndbox>
	</object>
</annotation>
