<annotation>
	<folder>decayed</folder>
	<filename>119.jpg</filename>
	<path>dental_image_in_voc_format/JPEGImages/119.jpg</path>
	<source>
		<database>Unknown</database>
	</source>
	<size>
		<width>246</width>
		<height>273</height>
		<depth>3</depth>
	</size>
	<segmented>0</segmented>
	<object>
		<name>decayed</name>
		<pose>Unspecified</pose>
		<truncated>0</truncated>
		<difficult>0</difficult>
		<bndbox>
			<xmin>64</xmin>
			<ymin>42</ymin>
			<xmax>221</xmax>
			<ymax>201</ymax>
		</bndbox>
	</object>
</annotation>
