<annotation>
	<folder>decayed</folder>
	<filename>121.jpg</filename>
	<path>dental_image_in_voc_format/JPEGImages/121.jpg</path>
	<source>
		<database>Unknown</database>
	</source>
	<size>
		<width>132</width>
		<height>137</height>
		<depth>3</depth>
	</size>
	<segmented>0</segmented>
	<object>
		<name>decayed</name>
		<pose>Unspecified</pose>
		<truncated>0</truncated>
		<difficult>0</difficult>
		<bndbox>
			<xmin>50</xmin>
			<ymin>28</ymin>
			<xmax>117</xmax>
			<ymax>122</ymax>
		</bndbox>
	</object>
</annotation>
