<annotation>
	<folder>decayed</folder>
	<filename>123.jpg</filename>
	<path>dental_image_in_voc_format/JPEGImages/123.jpg</path>
	<source>
		<database>Unknown</database>
	</source>
	<size>
		<width>231</width>
		<height>226</height>
		<depth>3</depth>
	</size>
	<segmented>0</segmented>
	<object>
		<name>decayed</name>
		<pose>Unspecified</pose>
		<truncated>0</truncated>
		<difficult>0</difficult>
		<bndbox>
			<xmin>27</xmin>
			<ymin>62</ymin>
			<xmax>200</xmax>
			<ymax>185</ymax>
		</bndbox>
	</object>
</annotation>
