<annotation>
	<folder>decayed</folder>
	<filename>124.jpg</filename>
	<path>dental_image_in_voc_format/JPEGImages/124.jpg</path>
	<source>
		<database>Unknown</database>
	</source>
	<size>
		<width>246</width>
		<height>186</height>
		<depth>3</depth>
	</size>
	<segmented>0</segmented>
	<object>
		<name>decayed</name>
		<pose>Unspecified</pose>
		<truncated>0</truncated>
		<difficult>0</difficult>
		<bndbox>
			<xmin>92</xmin>
			<ymin>21</ymin>
			<xmax>154</xmax>
			<ymax>70</ymax>
		</bndbox>
	</object>
</annotation>
