<annotation>
	<folder>decayed</folder>
	<filename>126.jpg</filename>
	<path>dental_image_in_voc_format/JPEGImages/126.jpg</path>
	<source>
		<database>Unknown</database>
	</source>
	<size>
		<width>123</width>
		<height>163</height>
		<depth>3</depth>
	</size>
	<segmented>0</segmented>
	<object>
		<name>decayed</name>
		<pose>Unspecified</pose>
		<truncated>0</truncated>
		<difficult>0</difficult>
		<bndbox>
			<xmin>66</xmin>
			<ymin>77</ymin>
			<xmax>82</xmax>
			<ymax>92</ymax>
		</bndbox>
	</object>
</annotation>
