<annotation>
	<folder>decayed</folder>
	<filename>127.jpg</filename>
	<path>dental_image_in_voc_format/JPEGImages/127.jpg</path>
	<source>
		<database>Unknown</database>
	</source>
	<size>
		<width>618</width>
		<height>695</height>
		<depth>3</depth>
	</size>
	<segmented>0</segmented>
	<object>
		<name>decayed</name>
		<pose>Unspecified</pose>
		<truncated>0</truncated>
		<difficult>0</difficult>
		<bndbox>
			<xmin>51</xmin>
			<ymin>90</ymin>
			<xmax>568</xmax>
			<ymax>653</ymax>
		</bndbox>
	</object>
</annotation>
