<annotation>
	<folder>decayed</folder>
	<filename>128.jpg</filename>
	<path>dental_image_in_voc_format/JPEGImages/128.jpg</path>
	<source>
		<database>Unknown</database>
	</source>
	<size>
		<width>338</width>
		<height>386</height>
		<depth>3</depth>
	</size>
	<segmented>0</segmented>
	<object>
		<name>decayed</name>
		<pose>Unspecified</pose>
		<truncated>0</truncated>
		<difficult>0</difficult>
		<bndbox>
			<xmin>81</xmin>
			<ymin>113</ymin>
			<xmax>264</xmax>
			<ymax>320</ymax>
		</bndbox>
	</object>
	<object>
		<name>decayed</name>
		<pose>Unspecified</pose>
		<truncated>0</truncated>
		<difficult>0</difficult>
		<bndbox>
			<xmin>182</xmin>
			<ymin>62</ymin>
			<xmax>219</xmax>
			<ymax>101</ymax>
		</bndbox>
	</object>
</annotation>
