<annotation>
	<folder>decayed</folder>
	<filename>129.jpg</filename>
	<path>dental_image_in_voc_format/JPEGImages/129.jpg</path>
	<source>
		<database>Unknown</database>
	</source>
	<size>
		<width>271</width>
		<height>296</height>
		<depth>3</depth>
	</size>
	<segmented>0</segmented>
	<object>
		<name>decayed</name>
		<pose>Unspecified</pose>
		<truncated>0</truncated>
		<difficult>0</difficult>
		<bndbox>
			<xmin>116</xmin>
			<ymin>123</ymin>
			<xmax>187</xmax>
			<ymax>219</ymax>
		</bndbox>
	</object>
</annotation>
