<annotation>
	<folder>decayed</folder>
	<filename>130.jpg</filename>
	<path>dental_image_in_voc_format/JPEGImages/130.jpg</path>
	<source>
		<database>Unknown</database>
	</source>
	<size>
		<width>284</width>
		<height>269</height>
		<depth>3</depth>
	</size>
	<segmented>0</segmented>
	<object>
		<name>decayed</name>
		<pose>Unspecified</pose>
		<truncated>0</truncated>
		<difficult>0</difficult>
		<bndbox>
			<xmin>56</xmin>
			<ymin>105</ymin>
			<xmax>111</xmax>
			<ymax>158</ymax>
		</bndbox>
	</object>
	<object>
		<name>decayed</name>
		<pose>Unspecified</pose>
		<truncated>0</truncated>
		<difficult>0</difficult>
		<bndbox>
			<xmin>127</xmin>
			<ymin>104</ymin>
			<xmax>214</xmax>
			<ymax>183</ymax>
		</bndbox>
	</object>
</annotation>
