<annotation>
	<folder>decayed</folder>
	<filename>131.jpg</filename>
	<path>dental_image_in_voc_format/JPEGImages/131.jpg</path>
	<source>
		<database>Unknown</database>
	</source>
	<size>
		<width>163</width>
		<height>170</height>
		<depth>3</depth>
	</size>
	<segmented>0</segmented>
	<object>
		<name>decayed</name>
		<pose>Unspecified</pose>
		<truncated>0</truncated>
		<difficult>0</difficult>
		<bndbox>
			<xmin>95</xmin>
			<ymin>55</ymin>
			<xmax>123</xmax>
			<ymax>82</ymax>
		</bndbox>
	</object>
	<object>
		<name>decayed</name>
		<pose>Unspecified</pose>
		<truncated>0</truncated>
		<difficult>0</difficult>
		<bndbox>
			<xmin>72</xmin>
			<ymin>111</ymin>
			<xmax>141</xmax>
			<ymax>154</ymax>
		</bndbox>
	</object>
</annotation>
