<annotation>
	<folder>decayed</folder>
	<filename>132.jpg</filename>
	<path>dental_image_in_voc_format/JPEGImages/132.jpg</path>
	<source>
		<database>Unknown</database>
	</source>
	<size>
		<width>158</width>
		<height>159</height>
		<depth>3</depth>
	</size>
	<segmented>0</segmented>
	<object>
		<name>decayed</name>
		<pose>Unspecified</pose>
		<truncated>0</truncated>
		<difficult>0</difficult>
		<bndbox>
			<xmin>30</xmin>
			<ymin>107</ymin>
			<xmax>79</xmax>
			<ymax>150</ymax>
		</bndbox>
	</object>
</annotation>
