<annotation>
	<folder>decayed</folder>
	<filename>133.jpg</filename>
	<path>dental_image_in_voc_format/JPEGImages/133.jpg</path>
	<source>
		<database>Unknown</database>
	</source>
	<size>
		<width>68</width>
		<height>66</height>
		<depth>3</depth>
	</size>
	<segmented>0</segmented>
	<object>
		<name>decayed</name>
		<pose>Unspecified</pose>
		<truncated>0</truncated>
		<difficult>0</difficult>
		<bndbox>
			<xmin>30</xmin>
			<ymin>5</ymin>
			<xmax>53</xmax>
			<ymax>30</ymax>
		</bndbox>
	</object>
	<object>
		<name>decayed</name>
		<pose>Unspecified</pose>
		<truncated>0</truncated>
		<difficult>0</difficult>
		<bndbox>
			<xmin>19</xmin>
			<ymin>44</ymin>
			<xmax>37</xmax>
			<ymax>62</ymax>
		</bndbox>
	</object>
</annotation>
