<annotation>
	<folder>decayed</folder>
	<filename>136.jpg</filename>
	<path>dental_image_in_voc_format/JPEGImages/136.jpg</path>
	<source>
		<database>Unknown</database>
	</source>
	<size>
		<width>42</width>
		<height>57</height>
		<depth>3</depth>
	</size>
	<segmented>0</segmented>
	<object>
		<name>decayed</name>
		<pose>Unspecified</pose>
		<truncated>0</truncated>
		<difficult>0</difficult>
		<bndbox>
			<xmin>9</xmin>
			<ymin>7</ymin>
			<xmax>20</xmax>
			<ymax>19</ymax>
		</bndbox>
	</object>
</annotation>
