<annotation>
	<folder>decayed</folder>
	<filename>137.jpg</filename>
	<path>dental_image_in_voc_format/JPEGImages/137.jpg</path>
	<source>
		<database>Unknown</database>
	</source>
	<size>
		<width>41</width>
		<height>56</height>
		<depth>3</depth>
	</size>
	<segmented>0</segmented>
	<object>
		<name>decayed</name>
		<pose>Unspecified</pose>
		<truncated>0</truncated>
		<difficult>0</difficult>
		<bndbox>
			<xmin>10</xmin>
			<ymin>15</ymin>
			<xmax>17</xmax>
			<ymax>26</ymax>
		</bndbox>
	</object>
</annotation>
