<annotation>
	<folder>decayed</folder>
	<filename>139.jpg</filename>
	<path>dental_image_in_voc_format/JPEGImages/139.jpg</path>
	<source>
		<database>Unknown</database>
	</source>
	<size>
		<width>156</width>
		<height>141</height>
		<depth>3</depth>
	</size>
	<segmented>0</segmented>
	<object>
		<name>decayed</name>
		<pose>Unspecified</pose>
		<truncated>0</truncated>
		<difficult>0</difficult>
		<bndbox>
			<xmin>54</xmin>
			<ymin>94</ymin>
			<xmax>75</xmax>
			<ymax>112</ymax>
		</bndbox>
	</object>
</annotation>
