<annotation>
	<folder>decayed</folder>
	<filename>141.jpg</filename>
	<path>dental_image_in_voc_format/JPEGImages/141.jpg</path>
	<source>
		<database>Unknown</database>
	</source>
	<size>
		<width>1243</width>
		<height>1272</height>
		<depth>3</depth>
	</size>
	<segmented>0</segmented>
	<object>
		<name>decayed</name>
		<pose>Unspecified</pose>
		<truncated>0</truncated>
		<difficult>0</difficult>
		<bndbox>
			<xmin>307</xmin>
			<ymin>468</ymin>
			<xmax>533</xmax>
			<ymax>721</ymax>
		</bndbox>
	</object>
	<object>
		<name>decayed</name>
		<pose>Unspecified</pose>
		<truncated>0</truncated>
		<difficult>0</difficult>
		<bndbox>
			<xmin>683</xmin>
			<ymin>525</ymin>
			<xmax>1046</xmax>
			<ymax>809</ymax>
		</bndbox>
	</object>
</annotation>
