<annotation>
	<folder>decayed</folder>
	<filename>143.jpg</filename>
	<path>dental_image_in_voc_format/JPEGImages/143.jpg</path>
	<source>
		<database>Unknown</database>
	</source>
	<size>
		<width>720</width>
		<height>749</height>
		<depth>3</depth>
	</size>
	<segmented>0</segmented>
	<object>
		<name>decayed</name>
		<pose>Unspecified</pose>
		<truncated>0</truncated>
		<difficult>0</difficult>
		<bndbox>
			<xmin>69</xmin>
			<ymin>355</ymin>
			<xmax>257</xmax>
			<ymax>562</ymax>
		</bndbox>
	</object>
</annotation>
