<annotation>
	<folder>decayed</folder>
	<filename>144.jpg</filename>
	<path>dental_image_in_voc_format/JPEGImages/144.jpg</path>
	<source>
		<database>Unknown</database>
	</source>
	<size>
		<width>1182</width>
		<height>1405</height>
		<depth>3</depth>
	</size>
	<segmented>0</segmented>
	<object>
		<name>decayed</name>
		<pose>Unspecified</pose>
		<truncated>0</truncated>
		<difficult>0</difficult>
		<bndbox>
			<xmin>266</xmin>
			<ymin>519</ymin>
			<xmax>426</xmax>
			<ymax>676</ymax>
		</bndbox>
	</object>
	<object>
		<name>decayed</name>
		<pose>Unspecified</pose>
		<truncated>0</truncated>
		<difficult>0</difficult>
		<bndbox>
			<xmin>452</xmin>
			<ymin>814</ymin>
			<xmax>558</xmax>
			<ymax>927</ymax>
		</bndbox>
	</object>
	<object>
		<name>decayed</name>
		<pose>Unspecified</pose>
		<truncated>0</truncated>
		<difficult>0</difficult>
		<bndbox>
			<xmin>475</xmin>
			<ymin>612</ymin>
			<xmax>732</xmax>
			<ymax>865</ymax>
		</bndbox>
	</object>
	<object>
		<name>decayed</name>
		<pose>Unspecified</pose>
		<truncated>0</truncated>
		<difficult>0</difficult>
		<bndbox>
			<xmin>707</xmin>
			<ymin>518</ymin>
			<xmax>995</xmax>
			<ymax>855</ymax>
		</bndbox>
	</object>
</annotation>
