<annotation>
	<folder>decayed</folder>
	<filename>145.jpg</filename>
	<path>dental_image_in_voc_format/JPEGImages/145.jpg</path>
	<source>
		<database>Unknown</database>
	</source>
	<size>
		<width>170</width>
		<height>196</height>
		<depth>3</depth>
	</size>
	<segmented>0</segmented>
	<object>
		<name>decayed</name>
		<pose>Unspecified</pose>
		<truncated>0</truncated>
		<difficult>0</difficult>
		<bndbox>
			<xmin>112</xmin>
			<ymin>120</ymin>
			<xmax>138</xmax>
			<ymax>158</ymax>
		</bndbox>
	</object>
</annotation>
