<annotation>
	<folder>decayed</folder>
	<filename>146.jpg</filename>
	<path>dental_image_in_voc_format/JPEGImages/146.jpg</path>
	<source>
		<database>Unknown</database>
	</source>
	<size>
		<width>868</width>
		<height>1442</height>
		<depth>3</depth>
	</size>
	<segmented>0</segmented>
	<object>
		<name>decayed</name>
		<pose>Unspecified</pose>
		<truncated>0</truncated>
		<difficult>0</difficult>
		<bndbox>
			<xmin>13</xmin>
			<ymin>657</ymin>
			<xmax>290</xmax>
			<ymax>945</ymax>
		</bndbox>
	</object>
	<object>
		<name>decayed</name>
		<pose>Unspecified</pose>
		<truncated>0</truncated>
		<difficult>0</difficult>
		<bndbox>
			<xmin>237</xmin>
			<ymin>53</ymin>
			<xmax>345</xmax>
			<ymax>302</ymax>
		</bndbox>
	</object>
	<object>
		<name>decayed</name>
		<pose>Unspecified</pose>
		<truncated>0</truncated>
		<difficult>0</difficult>
		<bndbox>
			<xmin>407</xmin>
			<ymin>580</ymin>
			<xmax>656</xmax>
			<ymax>904</ymax>
		</bndbox>
	</object>
</annotation>
