<annotation>
	<folder>decayed</folder>
	<filename>147.jpg</filename>
	<path>dental_image_in_voc_format/JPEGImages/147.jpg</path>
	<source>
		<database>Unknown</database>
	</source>
	<size>
		<width>81</width>
		<height>96</height>
		<depth>3</depth>
	</size>
	<segmented>0</segmented>
	<object>
		<name>decayed</name>
		<pose>Unspecified</pose>
		<truncated>0</truncated>
		<difficult>0</difficult>
		<bndbox>
			<xmin>38</xmin>
			<ymin>5</ymin>
			<xmax>62</xmax>
			<ymax>23</ymax>
		</bndbox>
	</object>
</annotation>
