<annotation verified="yes">
	<folder>decayed</folder>
	<filename>149.jpg</filename>
	<path>dental_image_in_voc_format/JPEGImages/149.jpg</path>
	<source>
		<database>Unknown</database>
	</source>
	<size>
		<width>131</width>
		<height>153</height>
		<depth>3</depth>
	</size>
	<segmented>0</segmented>
	<object>
		<name>decayed</name>
		<pose>Unspecified</pose>
		<truncated>0</truncated>
		<difficult>0</difficult>
		<bndbox>
			<xmin>103</xmin>
			<ymin>51</ymin>
			<xmax>128</xmax>
			<ymax>92</ymax>
		</bndbox>
	</object>
</annotation>
