<annotation>
	<folder>decayed</folder>
	<filename>150.jpg</filename>
	<path>dental_image_in_voc_format/JPEGImages/150.jpg</path>
	<source>
		<database>Unknown</database>
	</source>
	<size>
		<width>214</width>
		<height>301</height>
		<depth>3</depth>
	</size>
	<segmented>0</segmented>
	<object>
		<name>decayed</name>
		<pose>Unspecified</pose>
		<truncated>0</truncated>
		<difficult>0</difficult>
		<bndbox>
			<xmin>76</xmin>
			<ymin>212</ymin>
			<xmax>100</xmax>
			<ymax>248</ymax>
		</bndbox>
	</object>
</annotation>
