<annotation>
	<folder>cured</folder>
	<filename>301.jpg</filename>
	<path>dental_image_in_voc_format/JPEGImages/301.jpg</path>
	<source>
		<database>Unknown</database>
	</source>
	<size>
		<width>297</width>
		<height>266</height>
		<depth>3</depth>
	</size>
	<segmented>0</segmented>
	<object>
		<name>cured</name>
		<pose>Unspecified</pose>
		<truncated>0</truncated>
		<difficult>0</difficult>
		<bndbox>
			<xmin>103</xmin>
			<ymin>33</ymin>
			<xmax>171</xmax>
			<ymax>100</ymax>
		</bndbox>
	</object>
	<object>
		<name>cured</name>
		<pose>Unspecified</pose>
		<truncated>0</truncated>
		<difficult>0</difficult>
		<bndbox>
			<xmin>133</xmin>
			<ymin>109</ymin>
			<xmax>222</xmax>
			<ymax>181</ymax>
		</bndbox>
	</object>
</annotation>
