<annotation>
	<folder>cured</folder>
	<filename>302.jpg</filename>
	<path>dental_image_in_voc_format/JPEGImages/302.jpg</path>
	<source>
		<database>Unknown</database>
	</source>
	<size>
		<width>602</width>
		<height>508</height>
		<depth>3</depth>
	</size>
	<segmented>0</segmented>
	<object>
		<name>cured</name>
		<pose>Unspecified</pose>
		<truncated>0</truncated>
		<difficult>0</difficult>
		<bndbox>
			<xmin>260</xmin>
			<ymin>6</ymin>
			<xmax>556</xmax>
			<ymax>304</ymax>
		</bndbox>
	</object>
</annotation>
