<annotation>
	<folder>cured</folder>
	<filename>304.jpg</filename>
	<path>dental_image_in_voc_format/JPEGImages/304.jpg</path>
	<source>
		<database>Unknown</database>
	</source>
	<size>
		<width>255</width>
		<height>263</height>
		<depth>3</depth>
	</size>
	<segmented>0</segmented>
	<object>
		<name>cured</name>
		<pose>Unspecified</pose>
		<truncated>0</truncated>
		<difficult>0</difficult>
		<bndbox>
			<xmin>5</xmin>
			<ymin>41</ymin>
			<xmax>245</xmax>
			<ymax>239</ymax>
		</bndbox>
	</object>
</annotation>
