<annotation>
	<folder>cured</folder>
	<filename>305.jpg</filename>
	<path>dental_image_in_voc_format/JPEGImages/305.jpg</path>
	<source>
		<database>Unknown</database>
	</source>
	<size>
		<width>106</width>
		<height>101</height>
		<depth>3</depth>
	</size>
	<segmented>0</segmented>
	<object>
		<name>cured</name>
		<pose>Unspecified</pose>
		<truncated>0</truncated>
		<difficult>0</difficult>
		<bndbox>
			<xmin>45</xmin>
			<ymin>25</ymin>
			<xmax>83</xmax>
			<ymax>82</ymax>
		</bndbox>
	</object>
</annotation>
