<annotation>
	<folder>cured</folder>
	<filename>306.jpg</filename>
	<path>dental_image_in_voc_format/JPEGImages/306.jpg</path>
	<source>
		<database>Unknown</database>
	</source>
	<size>
		<width>106</width>
		<height>108</height>
		<depth>3</depth>
	</size>
	<segmented>0</segmented>
	<object>
		<name>cured</name>
		<pose>Unspecified</pose>
		<truncated>0</truncated>
		<difficult>0</difficult>
		<bndbox>
			<xmin>32</xmin>
			<ymin>23</ymin>
			<xmax>69</xmax>
			<ymax>78</ymax>
		</bndbox>
	</object>
</annotation>
