<annotation>
	<folder>cured</folder>
	<filename>307.jpg</filename>
	<path>dental_image_in_voc_format/JPEGImages/307.jpg</path>
	<source>
		<database>Unknown</database>
	</source>
	<size>
		<width>492</width>
		<height>507</height>
		<depth>3</depth>
	</size>
	<segmented>0</segmented>
	<object>
		<name>cured</name>
		<pose>Unspecified</pose>
		<truncated>0</truncated>
		<difficult>0</difficult>
		<bndbox>
			<xmin>185</xmin>
			<ymin>113</ymin>
			<xmax>230</xmax>
			<ymax>157</ymax>
		</bndbox>
	</object>
	<object>
		<name>cured</name>
		<pose>Unspecified</pose>
		<truncated>0</truncated>
		<difficult>0</difficult>
		<bndbox>
			<xmin>266</xmin>
			<ymin>267</ymin>
			<xmax>318</xmax>
			<ymax>343</ymax>
		</bndbox>
	</object>
</annotation>
