<annotation>
	<folder>cured</folder>
	<filename>309.jpg</filename>
	<path>dental_image_in_voc_format/JPEGImages/309.jpg</path>
	<source>
		<database>Unknown</database>
	</source>
	<size>
		<width>150</width>
		<height>151</height>
		<depth>3</depth>
	</size>
	<segmented>0</segmented>
	<object>
		<name>cured</name>
		<pose>Unspecified</pose>
		<truncated>0</truncated>
		<difficult>0</difficult>
		<bndbox>
			<xmin>97</xmin>
			<ymin>54</ymin>
			<xmax>115</xmax>
			<ymax>85</ymax>
		</bndbox>
	</object>
	<object>
		<name>cured</name>
		<pose>Unspecified</pose>
		<truncated>0</truncated>
		<difficult>0</difficult>
		<bndbox>
			<xmin>73</xmin>
			<ymin>100</ymin>
			<xmax>90</xmax>
			<ymax>141</ymax>
		</bndbox>
	</object>
</annotation>
