<annotation>
	<folder>cured</folder>
	<filename>310.jpg</filename>
	<path>dental_image_in_voc_format/JPEGImages/310.jpg</path>
	<source>
		<database>Unknown</database>
	</source>
	<size>
		<width>134</width>
		<height>135</height>
		<depth>3</depth>
	</size>
	<segmented>0</segmented>
	<object>
		<name>cured</name>
		<pose>Unspecified</pose>
		<truncated>0</truncated>
		<difficult>0</difficult>
		<bndbox>
			<xmin>47</xmin>
			<ymin>34</ymin>
			<xmax>72</xmax>
			<ymax>67</ymax>
		</bndbox>
	</object>
	<object>
		<name>cured</name>
		<pose>Unspecified</pose>
		<truncated>0</truncated>
		<difficult>0</difficult>
		<bndbox>
			<xmin>53</xmin>
			<ymin>64</ymin>
			<xmax>69</xmax>
			<ymax>103</ymax>
		</bndbox>
	</object>
</annotation>
