<annotation>
	<folder>cured</folder>
	<filename>312.jpg</filename>
	<path>dental_image_in_voc_format/JPEGImages/312.jpg</path>
	<source>
		<database>Unknown</database>
	</source>
	<size>
		<width>111</width>
		<height>142</height>
		<depth>3</depth>
	</size>
	<segmented>0</segmented>
	<object>
		<name>cured</name>
		<pose>Unspecified</pose>
		<truncated>0</truncated>
		<difficult>0</difficult>
		<bndbox>
			<xmin>14</xmin>
			<ymin>46</ymin>
			<xmax>101</xmax>
			<ymax>128</ymax>
		</bndbox>
	</object>
</annotation>
