<annotation>
	<folder>cured</folder>
	<filename>314.jpg</filename>
	<path>dental_image_in_voc_format/JPEGImages/314.jpg</path>
	<source>
		<database>Unknown</database>
	</source>
	<size>
		<width>488</width>
		<height>348</height>
		<depth>3</depth>
	</size>
	<segmented>0</segmented>
	<object>
		<name>cured</name>
		<pose>Unspecified</pose>
		<truncated>0</truncated>
		<difficult>0</difficult>
		<bndbox>
			<xmin>215</xmin>
			<ymin>169</ymin>
			<xmax>290</xmax>
			<ymax>234</ymax>
		</bndbox>
	</object>
	<object>
		<name>cured</name>
		<pose>Unspecified</pose>
		<truncated>0</truncated>
		<difficult>0</difficult>
		<bndbox>
			<xmin>113</xmin>
			<ymin>100</ymin>
			<xmax>169</xmax>
			<ymax>165</ymax>
		</bndbox>
	</object>
</annotation>
