<annotation>
	<folder>cured</folder>
	<filename>316.jpg</filename>
	<path>dental_image_in_voc_format/JPEGImages/316.jpg</path>
	<source>
		<database>Unknown</database>
	</source>
	<size>
		<width>172</width>
		<height>165</height>
		<depth>3</depth>
	</size>
	<segmented>0</segmented>
	<object>
		<name>cured</name>
		<pose>Unspecified</pose>
		<truncated>0</truncated>
		<difficult>0</difficult>
		<bndbox>
			<xmin>64</xmin>
			<ymin>112</ymin>
			<xmax>88</xmax>
			<ymax>136</ymax>
		</bndbox>
	</object>
	<object>
		<name>cured</name>
		<pose>Unspecified</pose>
		<truncated>0</truncated>
		<difficult>0</difficult>
		<bndbox>
			<xmin>84</xmin>
			<ymin>66</ymin>
			<xmax>101</xmax>
			<ymax>85</ymax>
		</bndbox>
	</object>
</annotation>
