<annotation>
	<folder>cured</folder>
	<filename>317.jpg</filename>
	<path>dental_image_in_voc_format/JPEGImages/317.jpg</path>
	<source>
		<database>Unknown</database>
	</source>
	<size>
		<width>177</width>
		<height>167</height>
		<depth>3</depth>
	</size>
	<segmented>0</segmented>
	<object>
		<name>cured</name>
		<pose>Unspecified</pose>
		<truncated>0</truncated>
		<difficult>0</difficult>
		<bndbox>
			<xmin>126</xmin>
			<ymin>72</ymin>
			<xmax>149</xmax>
			<ymax>98</ymax>
		</bndbox>
	</object>
	<object>
		<name>cured</name>
		<pose>Unspecified</pose>
		<truncated>0</truncated>
		<difficult>0</difficult>
		<bndbox>
			<xmin>54</xmin>
			<ymin>34</ymin>
			<xmax>71</xmax>
			<ymax>47</ymax>
		</bndbox>
	</object>
</annotation>
