<annotation>
	<folder>cured</folder>
	<filename>318.jpg</filename>
	<path>dental_image_in_voc_format/JPEGImages/318.jpg</path>
	<source>
		<database>Unknown</database>
	</source>
	<size>
		<width>223</width>
		<height>230</height>
		<depth>3</depth>
	</size>
	<segmented>0</segmented>
	<object>
		<name>cured</name>
		<pose>Unspecified</pose>
		<truncated>0</truncated>
		<difficult>0</difficult>
		<bndbox>
			<xmin>18</xmin>
			<ymin>43</ymin>
			<xmax>198</xmax>
			<ymax>229</ymax>
		</bndbox>
	</object>
</annotation>
