<annotation>
	<folder>cured</folder>
	<filename>319.jpg</filename>
	<path>dental_image_in_voc_format/JPEGImages/319.jpg</path>
	<source>
		<database>Unknown</database>
	</source>
	<size>
		<width>172</width>
		<height>173</height>
		<depth>3</depth>
	</size>
	<segmented>0</segmented>
	<object>
		<name>cured</name>
		<pose>Unspecified</pose>
		<truncated>0</truncated>
		<difficult>0</difficult>
		<bndbox>
			<xmin>8</xmin>
			<ymin>35</ymin>
			<xmax>150</xmax>
			<ymax>167</ymax>
		</bndbox>
	</object>
</annotation>
