<annotation>
	<folder>cured</folder>
	<filename>320.jpg</filename>
	<path>dental_image_in_voc_format/JPEGImages/320.jpg</path>
	<source>
		<database>Unknown</database>
	</source>
	<size>
		<width>190</width>
		<height>192</height>
		<depth>3</depth>
	</size>
	<segmented>0</segmented>
	<object>
		<name>cured</name>
		<pose>Unspecified</pose>
		<truncated>0</truncated>
		<difficult>0</difficult>
		<bndbox>
			<xmin>13</xmin>
			<ymin>27</ymin>
			<xmax>183</xmax>
			<ymax>153</ymax>
		</bndbox>
	</object>
</annotation>
