<annotation>
	<folder>cured</folder>
	<filename>321.jpg</filename>
	<path>dental_image_in_voc_format/JPEGImages/321.jpg</path>
	<source>
		<database>Unknown</database>
	</source>
	<size>
		<width>490</width>
		<height>493</height>
		<depth>3</depth>
	</size>
	<segmented>0</segmented>
	<object>
		<name>cured</name>
		<pose>Unspecified</pose>
		<truncated>0</truncated>
		<difficult>0</difficult>
		<bndbox>
			<xmin>327</xmin>
			<ymin>239</ymin>
			<xmax>396</xmax>
			<ymax>293</ymax>
		</bndbox>
	</object>
	<object>
		<name>cured</name>
		<pose>Unspecified</pose>
		<truncated>0</truncated>
		<difficult>0</difficult>
		<bndbox>
			<xmin>230</xmin>
			<ymin>281</ymin>
			<xmax>308</xmax>
			<ymax>434</ymax>
		</bndbox>
	</object>
</annotation>
