<annotation>
	<folder>cured</folder>
	<filename>322.jpg</filename>
	<path>dental_image_in_voc_format/JPEGImages/322.jpg</path>
	<source>
		<database>Unknown</database>
	</source>
	<size>
		<width>408</width>
		<height>392</height>
		<depth>3</depth>
	</size>
	<segmented>0</segmented>
	<object>
		<name>cured</name>
		<pose>Unspecified</pose>
		<truncated>0</truncated>
		<difficult>0</difficult>
		<bndbox>
			<xmin>10</xmin>
			<ymin>4</ymin>
			<xmax>384</xmax>
			<ymax>384</ymax>
		</bndbox>
	</object>
</annotation>
