<annotation>
	<folder>cured</folder>
	<filename>323.jpg</filename>
	<path>dental_image_in_voc_format/JPEGImages/323.jpg</path>
	<source>
		<database>Unknown</database>
	</source>
	<size>
		<width>558</width>
		<height>552</height>
		<depth>3</depth>
	</size>
	<segmented>0</segmented>
	<object>
		<name>cured</name>
		<pose>Unspecified</pose>
		<truncated>0</truncated>
		<difficult>0</difficult>
		<bndbox>
			<xmin>185</xmin>
			<ymin>70</ymin>
			<xmax>513</xmax>
			<ymax>481</ymax>
		</bndbox>
	</object>
</annotation>
