<annotation>
	<folder>cured</folder>
	<filename>324.jpg</filename>
	<path>dental_image_in_voc_format/JPEGImages/324.jpg</path>
	<source>
		<database>Unknown</database>
	</source>
	<size>
		<width>162</width>
		<height>136</height>
		<depth>3</depth>
	</size>
	<segmented>0</segmented>
	<object>
		<name>cured</name>
		<pose>Unspecified</pose>
		<truncated>0</truncated>
		<difficult>0</difficult>
		<bndbox>
			<xmin>33</xmin>
			<ymin>24</ymin>
			<xmax>134</xmax>
			<ymax>113</ymax>
		</bndbox>
	</object>
</annotation>
