<annotation>
	<folder>cured</folder>
	<filename>327.jpg</filename>
	<path>dental_image_in_voc_format/JPEGImages/327.jpg</path>
	<source>
		<database>Unknown</database>
	</source>
	<size>
		<width>568</width>
		<height>537</height>
		<depth>3</depth>
	</size>
	<segmented>0</segmented>
	<object>
		<name>cured</name>
		<pose>Unspecified</pose>
		<truncated>0</truncated>
		<difficult>0</difficult>
		<bndbox>
			<xmin>69</xmin>
			<ymin>187</ymin>
			<xmax>470</xmax>
			<ymax>533</ymax>
		</bndbox>
	</object>
</annotation>
