<annotation>
	<folder>cured</folder>
	<filename>329.jpg</filename>
	<path>dental_image_in_voc_format/JPEGImages/329.jpg</path>
	<source>
		<database>Unknown</database>
	</source>
	<size>
		<width>520</width>
		<height>461</height>
		<depth>3</depth>
	</size>
	<segmented>0</segmented>
	<object>
		<name>cured</name>
		<pose>Unspecified</pose>
		<truncated>0</truncated>
		<difficult>0</difficult>
		<bndbox>
			<xmin>64</xmin>
			<ymin>10</ymin>
			<xmax>354</xmax>
			<ymax>262</ymax>
		</bndbox>
	</object>
</annotation>
