<annotation>
	<folder>cured</folder>
	<filename>330.jpg</filename>
	<path>dental_image_in_voc_format/JPEGImages/330.jpg</path>
	<source>
		<database>Unknown</database>
	</source>
	<size>
		<width>499</width>
		<height>448</height>
		<depth>3</depth>
	</size>
	<segmented>0</segmented>
	<object>
		<name>cured</name>
		<pose>Unspecified</pose>
		<truncated>0</truncated>
		<difficult>0</difficult>
		<bndbox>
			<xmin>213</xmin>
			<ymin>93</ymin>
			<xmax>463</xmax>
			<ymax>344</ymax>
		</bndbox>
	</object>
	<object>
		<name>cured</name>
		<pose>Unspecified</pose>
		<truncated>0</truncated>
		<difficult>0</difficult>
		<bndbox>
			<xmin>293</xmin>
			<ymin>264</ymin>
			<xmax>497</xmax>
			<ymax>446</ymax>
		</bndbox>
	</object>
</annotation>
