<annotation>
	<folder>cured</folder>
	<filename>331.jpg</filename>
	<path>dental_image_in_voc_format/JPEGImages/331.jpg</path>
	<source>
		<database>Unknown</database>
	</source>
	<size>
		<width>137</width>
		<height>134</height>
		<depth>3</depth>
	</size>
	<segmented>0</segmented>
	<object>
		<name>cured</name>
		<pose>Unspecified</pose>
		<truncated>0</truncated>
		<difficult>0</difficult>
		<bndbox>
			<xmin>79</xmin>
			<ymin>78</ymin>
			<xmax>99</xmax>
			<ymax>98</ymax>
		</bndbox>
	</object>
	<object>
		<name>cured</name>
		<pose>Unspecified</pose>
		<truncated>0</truncated>
		<difficult>0</difficult>
		<bndbox>
			<xmin>76</xmin>
			<ymin>29</ymin>
			<xmax>109</xmax>
			<ymax>56</ymax>
		</bndbox>
	</object>
</annotation>
