<annotation>
	<folder>cured</folder>
	<filename>333.jpg</filename>
	<path>dental_image_in_voc_format/JPEGImages/333.jpg</path>
	<source>
		<database>Unknown</database>
	</source>
	<size>
		<width>567</width>
		<height>533</height>
		<depth>3</depth>
	</size>
	<segmented>0</segmented>
	<object>
		<name>cured</name>
		<pose>Unspecified</pose>
		<truncated>0</truncated>
		<difficult>0</difficult>
		<bndbox>
			<xmin>394</xmin>
			<ymin>184</ymin>
			<xmax>458</xmax>
			<ymax>294</ymax>
		</bndbox>
	</object>
	<object>
		<name>cured</name>
		<pose>Unspecified</pose>
		<truncated>0</truncated>
		<difficult>0</difficult>
		<bndbox>
			<xmin>178</xmin>
			<ymin>257</ymin>
			<xmax>519</xmax>
			<ymax>523</ymax>
		</bndbox>
	</object>
</annotation>
