<annotation>
	<folder>cured</folder>
	<filename>334.jpg</filename>
	<path>dental_image_in_voc_format/JPEGImages/334.jpg</path>
	<source>
		<database>Unknown</database>
	</source>
	<size>
		<width>452</width>
		<height>426</height>
		<depth>3</depth>
	</size>
	<segmented>0</segmented>
	<object>
		<name>cured</name>
		<pose>Unspecified</pose>
		<truncated>0</truncated>
		<difficult>0</difficult>
		<bndbox>
			<xmin>21</xmin>
			<ymin>48</ymin>
			<xmax>352</xmax>
			<ymax>404</ymax>
		</bndbox>
	</object>
</annotation>
