<annotation>
	<folder>cured</folder>
	<filename>336.jpg</filename>
	<path>dental_image_in_voc_format/JPEGImages/336.jpg</path>
	<source>
		<database>Unknown</database>
	</source>
	<size>
		<width>446</width>
		<height>389</height>
		<depth>3</depth>
	</size>
	<segmented>0</segmented>
	<object>
		<name>cured</name>
		<pose>Unspecified</pose>
		<truncated>0</truncated>
		<difficult>0</difficult>
		<bndbox>
			<xmin>154</xmin>
			<ymin>181</ymin>
			<xmax>213</xmax>
			<ymax>256</ymax>
		</bndbox>
	</object>
	<object>
		<name>cured</name>
		<pose>Unspecified</pose>
		<truncated>0</truncated>
		<difficult>0</difficult>
		<bndbox>
			<xmin>332</xmin>
			<ymin>222</ymin>
			<xmax>358</xmax>
			<ymax>270</ymax>
		</bndbox>
	</object>
	<object>
		<name>cured</name>
		<pose>Unspecified</pose>
		<truncated>0</truncated>
		<difficult>0</difficult>
		<bndbox>
			<xmin>90</xmin>
			<ymin>251</ymin>
			<xmax>128</xmax>
			<ymax>284</ymax>
		</bndbox>
	</object>
</annotation>
