<annotation>
	<folder>cured</folder>
	<filename>337.jpg</filename>
	<path>dental_image_in_voc_format/JPEGImages/337.jpg</path>
	<source>
		<database>Unknown</database>
	</source>
	<size>
		<width>462</width>
		<height>509</height>
		<depth>3</depth>
	</size>
	<segmented>0</segmented>
	<object>
		<name>cured</name>
		<pose>Unspecified</pose>
		<truncated>0</truncated>
		<difficult>0</difficult>
		<bndbox>
			<xmin>180</xmin>
			<ymin>242</ymin>
			<xmax>259</xmax>
			<ymax>404</ymax>
		</bndbox>
	</object>
</annotation>
