<annotation>
	<folder>cured</folder>
	<filename>338.jpg</filename>
	<path>dental_image_in_voc_format/JPEGImages/338.jpg</path>
	<source>
		<database>Unknown</database>
	</source>
	<size>
		<width>443</width>
		<height>413</height>
		<depth>3</depth>
	</size>
	<segmented>0</segmented>
	<object>
		<name>cured</name>
		<pose>Unspecified</pose>
		<truncated>0</truncated>
		<difficult>0</difficult>
		<bndbox>
			<xmin>19</xmin>
			<ymin>5</ymin>
			<xmax>406</xmax>
			<ymax>410</ymax>
		</bndbox>
	</object>
</annotation>
