<annotation>
	<folder>cured</folder>
	<filename>339.jpg</filename>
	<path>dental_image_in_voc_format/JPEGImages/339.jpg</path>
	<source>
		<database>Unknown</database>
	</source>
	<size>
		<width>393</width>
		<height>466</height>
		<depth>3</depth>
	</size>
	<segmented>0</segmented>
	<object>
		<name>cured</name>
		<pose>Unspecified</pose>
		<truncated>0</truncated>
		<difficult>0</difficult>
		<bndbox>
			<xmin>46</xmin>
			<ymin>116</ymin>
			<xmax>336</xmax>
			<ymax>287</ymax>
		</bndbox>
	</object>
</annotation>
