<annotation>
	<folder>cured</folder>
	<filename>343.jpg</filename>
	<path>dental_image_in_voc_format/JPEGImages/343.jpg</path>
	<source>
		<database>Unknown</database>
	</source>
	<size>
		<width>391</width>
		<height>330</height>
		<depth>3</depth>
	</size>
	<segmented>0</segmented>
	<object>
		<name>cured</name>
		<pose>Unspecified</pose>
		<truncated>0</truncated>
		<difficult>0</difficult>
		<bndbox>
			<xmin>93</xmin>
			<ymin>154</ymin>
			<xmax>180</xmax>
			<ymax>240</ymax>
		</bndbox>
	</object>
	<object>
		<name>cured</name>
		<pose>Unspecified</pose>
		<truncated>0</truncated>
		<difficult>0</difficult>
		<bndbox>
			<xmin>255</xmin>
			<ymin>68</ymin>
			<xmax>367</xmax>
			<ymax>182</ymax>
		</bndbox>
	</object>
</annotation>
