<annotation>
	<folder>cured</folder>
	<filename>345.jpg</filename>
	<path>dental_image_in_voc_format/JPEGImages/345.jpg</path>
	<source>
		<database>Unknown</database>
	</source>
	<size>
		<width>511</width>
		<height>514</height>
		<depth>3</depth>
	</size>
	<segmented>0</segmented>
	<object>
		<name>cured</name>
		<pose>Unspecified</pose>
		<truncated>0</truncated>
		<difficult>0</difficult>
		<bndbox>
			<xmin>154</xmin>
			<ymin>70</ymin>
			<xmax>422</xmax>
			<ymax>392</ymax>
		</bndbox>
	</object>
	<object>
		<name>decayed</name>
		<pose>Unspecified</pose>
		<truncated>0</truncated>
		<difficult>0</difficult>
		<bndbox>
			<xmin>15</xmin>
			<ymin>121</ymin>
			<xmax>107</xmax>
			<ymax>246</ymax>
		</bndbox>
	</object>
</annotation>
