<annotation>
	<folder>cured</folder>
	<filename>346.jpg</filename>
	<path>dental_image_in_voc_format/JPEGImages/346.jpg</path>
	<source>
		<database>Unknown</database>
	</source>
	<size>
		<width>371</width>
		<height>369</height>
		<depth>3</depth>
	</size>
	<segmented>0</segmented>
	<object>
		<name>cured</name>
		<pose>Unspecified</pose>
		<truncated>0</truncated>
		<difficult>0</difficult>
		<bndbox>
			<xmin>30</xmin>
			<ymin>78</ymin>
			<xmax>180</xmax>
			<ymax>237</ymax>
		</bndbox>
	</object>
	<object>
		<name>decayed</name>
		<pose>Unspecified</pose>
		<truncated>0</truncated>
		<difficult>0</difficult>
		<bndbox>
			<xmin>180</xmin>
			<ymin>153</ymin>
			<xmax>247</xmax>
			<ymax>196</ymax>
		</bndbox>
	</object>
</annotation>
