<annotation>
	<folder>cured</folder>
	<filename>347.jpg</filename>
	<path>dental_image_in_voc_format/JPEGImages/347.jpg</path>
	<source>
		<database>Unknown</database>
	</source>
	<size>
		<width>147</width>
		<height>137</height>
		<depth>3</depth>
	</size>
	<segmented>0</segmented>
	<object>
		<name>cured</name>
		<pose>Unspecified</pose>
		<truncated>0</truncated>
		<difficult>0</difficult>
		<bndbox>
			<xmin>21</xmin>
			<ymin>24</ymin>
			<xmax>78</xmax>
			<ymax>67</ymax>
		</bndbox>
	</object>
	<object>
		<name>cured</name>
		<pose>Unspecified</pose>
		<truncated>0</truncated>
		<difficult>0</difficult>
		<bndbox>
			<xmin>103</xmin>
			<ymin>28</ymin>
			<xmax>120</xmax>
			<ymax>50</ymax>
		</bndbox>
	</object>
	<object>
		<name>cured</name>
		<pose>Unspecified</pose>
		<truncated>0</truncated>
		<difficult>0</difficult>
		<bndbox>
			<xmin>100</xmin>
			<ymin>57</ymin>
			<xmax>117</xmax>
			<ymax>81</ymax>
		</bndbox>
	</object>
</annotation>
