<annotation>
	<folder>cured</folder>
	<filename>348.jpg</filename>
	<path>dental_image_in_voc_format/JPEGImages/348.jpg</path>
	<source>
		<database>Unknown</database>
	</source>
	<size>
		<width>417</width>
		<height>430</height>
		<depth>3</depth>
	</size>
	<segmented>0</segmented>
	<object>
		<name>cured</name>
		<pose>Unspecified</pose>
		<truncated>0</truncated>
		<difficult>0</difficult>
		<bndbox>
			<xmin>36</xmin>
			<ymin>142</ymin>
			<xmax>129</xmax>
			<ymax>228</ymax>
		</bndbox>
	</object>
</annotation>
