<annotation>
	<folder>cured</folder>
	<filename>349.jpg</filename>
	<path>dental_image_in_voc_format/JPEGImages/349.jpg</path>
	<source>
		<database>Unknown</database>
	</source>
	<size>
		<width>435</width>
		<height>395</height>
		<depth>3</depth>
	</size>
	<segmented>0</segmented>
	<object>
		<name>cured</name>
		<pose>Unspecified</pose>
		<truncated>0</truncated>
		<difficult>0</difficult>
		<bndbox>
			<xmin>26</xmin>
			<ymin>39</ymin>
			<xmax>395</xmax>
			<ymax>382</ymax>
		</bndbox>
	</object>
	<object>
		<name>cured</name>
		<pose>Unspecified</pose>
		<truncated>1</truncated>
		<difficult>0</difficult>
		<bndbox>
			<xmin>1</xmin>
			<ymin>3</ymin>
			<xmax>198</xmax>
			<ymax>159</ymax>
		</bndbox>
	</object>
</annotation>
