<annotation>
	<folder>cured</folder>
	<filename>350.jpg</filename>
	<path>dental_image_in_voc_format/JPEGImages/350.jpg</path>
	<source>
		<database>Unknown</database>
	</source>
	<size>
		<width>503</width>
		<height>531</height>
		<depth>3</depth>
	</size>
	<segmented>0</segmented>
	<object>
		<name>cured</name>
		<pose>Unspecified</pose>
		<truncated>0</truncated>
		<difficult>0</difficult>
		<bndbox>
			<xmin>18</xmin>
			<ymin>14</ymin>
			<xmax>476</xmax>
			<ymax>508</ymax>
		</bndbox>
	</object>
	<object>
		<name>cured</name>
		<pose>Unspecified</pose>
		<truncated>0</truncated>
		<difficult>0</difficult>
		<bndbox>
			<xmin>255</xmin>
			<ymin>428</ymin>
			<xmax>500</xmax>
			<ymax>529</ymax>
		</bndbox>
	</object>
</annotation>
